CD,曲順,曲名,曲ID,親曲ID,ダミー,発売日,YT1,YT1URL,LV,Spf,Apl,iTn,m/s
センチメンタルピリオド,1,センチメンタルピリオド,1,1,,2008/07/23,MV,https://www.youtube.com/watch?v=SjwMTno8IKc,,https://open.spotify.com/track/4f1zepqZ36gAWIQWWLIg21,https://music.apple.com/jp/album/%E3%82%BB%E3%83%B3%E3%83%81%E3%83%A1%E3%83%B3%E3%82%BF%E3%83%AB%E3%83%94%E3%83%AA%E3%82%AA%E3%83%89/310970395?i=310970402,https://music.apple.com/jp/album/%E3%82%BB%E3%83%B3%E3%83%81%E3%83%A1%E3%83%B3%E3%82%BF%E3%83%AB%E3%83%94%E3%83%AA%E3%82%AA%E3%83%89/310970395?i=310970402,S.B style
センチメンタルピリオド,2,5分後のスターダスト,2,2,,2008/07/23,♪,,https://www.youtube.com/watch?v=vztCV2vPQq4,,,https://music.apple.com/jp/album/5%E5%88%86%E5%BE%8C%E3%81%AE%E3%82%B9%E3%82%BF%E3%83%BC%E3%83%80%E3%82%B9%E3%83%88/306069909?i=306069911,
センチメンタルピリオド,3,ガリレオのショーケース,3,3,,2008/07/23,♪,,,,,https://music.apple.com/jp/album/%E3%82%AC%E3%83%AA%E3%83%AC%E3%82%AA%E3%81%AE%E3%82%B7%E3%83%A7%E3%83%BC%E3%82%B1%E3%83%BC%E3%82%B9/1476041503?i=1476041505,D.A style
マスターボリューム,1,マスターボリューム,4,4,,2009/01/28,MV,https://www.youtube.com/watch?v=06Y5m8ZODXo,,https://open.spotify.com/track/3Jf00gsLxnRbrIavnAQU6f,https://music.apple.com/jp/album/%E3%83%9E%E3%82%B9%E3%82%BF%E3%83%BC%E3%83%9C%E3%83%AA%E3%83%A5%E3%83%BC%E3%83%A0/310970395?i=310970421,https://music.apple.com/jp/album/%E3%83%9E%E3%82%B9%E3%82%BF%E3%83%BC%E3%83%9C%E3%83%AA%E3%83%A5%E3%83%BC%E3%83%A0/310970395?i=310970421,S.B style
マスターボリューム,2,一人思うは雨の中,5,5,,2009/01/28,♪,,,,,https://music.apple.com/jp/album/%E4%B8%80%E4%BA%BA%E6%80%9D%E3%81%86%E3%81%AE%E3%81%AF%E9%9B%A8%E3%81%AE%E4%B8%AD/306067779?i=306067782,B.C mix
マスターボリューム,3,スノウリバース,6,6,,2009/01/28,♪,,,,,https://music.apple.com/jp/album/%E3%82%B9%E3%83%8E%E3%82%A6%E3%83%AA%E3%83%90%E3%83%BC%E3%82%B9/306067779?i=306067783,B.C style
UNISON SQUARE GARDEN,1,カラクリカルカレ,7,7,,2009/04/15,♪,https://www.youtube.com/watch?v=zTB_n9nVGL0,,https://open.spotify.com/track/6Q0OKR3DhSs48Mk7yuwJfn,https://music.apple.com/jp/album/%E3%82%AB%E3%83%A9%E3%82%AF%E3%83%AA%E3%82%AB%E3%83%AB%E3%82%AB%E3%83%AC/310970395?i=310970400,https://music.apple.com/jp/album/%E3%82%AB%E3%83%A9%E3%82%AF%E3%83%AA%E3%82%AB%E3%83%AB%E3%82%AB%E3%83%AC/310970395?i=310970400,
UNISON SQUARE GARDEN,2,センチメンタルピリオド,1,1,1,2009/04/15,MV,https://www.youtube.com/watch?v=SjwMTno8IKc,,https://open.spotify.com/track/4f1zepqZ36gAWIQWWLIg21,https://music.apple.com/jp/album/%E3%82%BB%E3%83%B3%E3%83%81%E3%83%A1%E3%83%B3%E3%82%BF%E3%83%AB%E3%83%94%E3%83%AA%E3%82%AA%E3%83%89/310970395?i=310970402,https://music.apple.com/jp/album/%E3%82%BB%E3%83%B3%E3%83%81%E3%83%A1%E3%83%B3%E3%82%BF%E3%83%AB%E3%83%94%E3%83%AA%E3%82%AA%E3%83%89/310970395?i=310970402,S.B style
UNISON SQUARE GARDEN,3,サンポサキマイライフ,8,8,,2009/04/15,♪,https://www.youtube.com/watch?v=2efiC2AV1X4,,https://open.spotify.com/track/7bYyiOiLZi6mXXan4m09rU,https://music.apple.com/jp/album/%E3%82%B5%E3%83%B3%E3%83%9D%E3%82%B5%E3%82%AD%E3%83%9E%E3%82%A4%E3%83%A9%E3%82%A4%E3%83%95/310970395?i=310970404,https://music.apple.com/jp/album/%E3%82%B5%E3%83%B3%E3%83%9D%E3%82%B5%E3%82%AD%E3%83%9E%E3%82%A4%E3%83%A9%E3%82%A4%E3%83%95/310970395?i=310970404,
UNISON SQUARE GARDEN,4,デイライ協奏楽団,9,9,,2009/04/15,♪,https://www.youtube.com/watch?v=UJFE3bM8hWU,,https://open.spotify.com/track/7qg8xFrQnAr3gVYuWyA5Ju,https://music.apple.com/jp/album/%E3%83%87%E3%82%A4%E3%83%A9%E3%82%A4%E5%8D%94%E5%A5%8F%E6%A5%BD%E5%9B%A3/310970395?i=310970417,https://music.apple.com/jp/album/%E3%83%87%E3%82%A4%E3%83%A9%E3%82%A4%E5%8D%94%E5%A5%8F%E6%A5%BD%E5%9B%A3/310970395?i=310970417,
UNISON SQUARE GARDEN,5,等身大の地球,10,10,,2009/04/15,♪,https://www.youtube.com/watch?v=OPSzOCG8F5k,,https://open.spotify.com/track/7LayWBcvsChldu9SbeEEBM,https://music.apple.com/jp/album/%E7%AD%89%E8%BA%AB%E5%A4%A7%E3%81%AE%E5%9C%B0%E7%90%83/310970395?i=310970418,https://music.apple.com/jp/album/%E7%AD%89%E8%BA%AB%E5%A4%A7%E3%81%AE%E5%9C%B0%E7%90%83/310970395?i=310970418,
UNISON SQUARE GARDEN,6,MR. アンディ -party style-,11,138,,2009/04/15,MV,https://www.youtube.com/watch?v=I79m_otKgJI,,https://open.spotify.com/track/0PsWoWbnsjQWnak0ESfYTB,https://music.apple.com/jp/album/mr-%E3%82%A2%E3%83%B3%E3%83%87%E3%82%A3-party-style/310970395?i=310970419,https://music.apple.com/jp/album/mr-%E3%82%A2%E3%83%B3%E3%83%87%E3%82%A3-party-style/310970395?i=310970419,S.B style
UNISON SQUARE GARDEN,7,WINDOW開ける,12,12,,2009/04/15,♪,https://www.youtube.com/watch?v=o9_tSRZYJ0I,,https://open.spotify.com/track/2gP3OEEUlQktRjOrPHIEqX,https://music.apple.com/jp/album/window%E9%96%8B%E3%81%91%E3%82%8B/310970395?i=310970420,https://music.apple.com/jp/album/window%E9%96%8B%E3%81%91%E3%82%8B/310970395?i=310970420,
UNISON SQUARE GARDEN,8,マスターボリューム,4,4,1,2009/04/15,MV,https://www.youtube.com/watch?v=06Y5m8ZODXo,,https://open.spotify.com/track/3Jf00gsLxnRbrIavnAQU6f,https://music.apple.com/jp/album/%E3%83%9E%E3%82%B9%E3%82%BF%E3%83%BC%E3%83%9C%E3%83%AA%E3%83%A5%E3%83%BC%E3%83%A0/310970395?i=310970421,https://music.apple.com/jp/album/%E3%83%9E%E3%82%B9%E3%82%BF%E3%83%BC%E3%83%9C%E3%83%AA%E3%83%A5%E3%83%BC%E3%83%A0/310970395?i=310970421,S.B style
UNISON SQUARE GARDEN,9,いつかの少年,13,13,,2009/04/15,♪,https://www.youtube.com/watch?v=WmStbOGVDMg,,https://open.spotify.com/track/6wueFg5ZaydGTwvSaKN9Fa,https://music.apple.com/jp/album/%E3%81%84%E3%81%A4%E3%81%8B%E3%81%AE%E5%B0%91%E5%B9%B4/310970395?i=310970423,https://music.apple.com/jp/album/%E3%81%84%E3%81%A4%E3%81%8B%E3%81%AE%E5%B0%91%E5%B9%B4/310970395?i=310970423,
UNISON SQUARE GARDEN,10,箱庭ロック・ショー,14,14,,2009/04/15,♪,https://www.youtube.com/watch?v=MCgoNcksoMo,,https://open.spotify.com/track/1GOwXY0yEwA8Uwal7h1JUV,https://music.apple.com/jp/album/%E7%AE%B1%E5%BA%AD%E3%83%AD%E3%83%83%E3%82%AF-%E3%82%B7%E3%83%A7%E3%83%BC/310970395?i=310970424,https://music.apple.com/jp/album/%E7%AE%B1%E5%BA%AD%E3%83%AD%E3%83%83%E3%82%AF-%E3%82%B7%E3%83%A7%E3%83%BC/310970395?i=310970424,D.A style
UNISON SQUARE GARDEN,11,クローバー,15,15,,2009/04/15,♪,https://www.youtube.com/watch?v=MR3RKPdIJpo,,https://open.spotify.com/track/5enVGk4woAT2f7LFGodS5W,https://music.apple.com/jp/album/%E3%82%AF%E3%83%AD%E3%83%BC%E3%83%90%E3%83%BC/310970395?i=310970425,https://music.apple.com/jp/album/%E3%82%AF%E3%83%AD%E3%83%BC%E3%83%90%E3%83%BC/310970395?i=310970425,
cody beats,1,cody beats,16,16,,2010/02/10,MV,https://www.youtube.com/watch?v=uW3ItcV9MLE,https://www.youtube.com/watch?v=6eQQ4jAsXC8,https://open.spotify.com/track/2FPZxdQ9Ij6iE9jrHveyL0,https://music.apple.com/jp/album/cody-beats/364561824?i=364561976,https://music.apple.com/jp/album/cody-beats/352924360?i=352924362,S.B style
cody beats,2,ギャクテンサヨナラ,17,17,,2010/02/10,♪,,,,,https://music.apple.com/jp/album/%E3%82%AE%E3%83%A3%E3%82%AF%E3%83%86%E3%83%B3%E3%82%B5%E3%83%A8%E3%83%8A%E3%83%A9-b-c-style/1471093264?i=1471093269,B.C style
cody beats,3,空の飛び方,18,18,,2010/02/10,♪,,,,,https://music.apple.com/jp/album/%E7%A9%BA%E3%81%AE%E9%A3%9B%E3%81%B3%E6%96%B9-b-c-mix/1471093264?i=1471093270,B.C mix
JET CO.,1,メッセンジャーフロム全世界,19,19,,2010/04/07,♪,https://www.youtube.com/watch?v=fKSWp2a4LDM,,https://open.spotify.com/track/6DUN82lS61zXWTp6Hw4k5e,https://music.apple.com/jp/album/%E3%83%A1%E3%83%83%E3%82%BB%E3%83%B3%E3%82%B8%E3%83%A3%E3%83%BC%E3%83%95%E3%83%AD%E3%83%A0%E5%85%A8%E4%B8%96%E7%95%8C/364561824?i=364561925,https://music.apple.com/jp/album/%E3%83%A1%E3%83%83%E3%82%BB%E3%83%B3%E3%82%B8%E3%83%A3%E3%83%BC%E3%83%95%E3%83%AD%E3%83%A0%E5%85%A8%E4%B8%96%E7%95%8C/364561824?i=364561925,
JET CO.,2,コーヒーカップシンドローム,20,20,,2010/04/07,♪,https://www.youtube.com/watch?v=PcKVmnJULHk,,https://open.spotify.com/track/1eWEZ4uaQcjVPFzptyh2oU,https://music.apple.com/jp/album/%E3%82%B3%E3%83%BC%E3%83%92%E3%83%BC%E3%82%AB%E3%83%83%E3%83%97%E3%82%B7%E3%83%B3%E3%83%89%E3%83%AD%E3%83%BC%E3%83%A0/364561824?i=364561973,https://music.apple.com/jp/album/%E3%82%B3%E3%83%BC%E3%83%92%E3%83%BC%E3%82%AB%E3%83%83%E3%83%97%E3%82%B7%E3%83%B3%E3%83%89%E3%83%AD%E3%83%BC%E3%83%A0/364561824?i=364561973,
JET CO.,3,チャイルドフッド・スーパーノヴァ,21,21,,2010/04/07,♪,https://www.youtube.com/watch?v=-0p8lQcZ8mY,,https://open.spotify.com/track/11EHSjVU2JiydcW6mPqDGk,https://music.apple.com/jp/album/%E3%83%81%E3%83%A3%E3%82%A4%E3%83%AB%E3%83%89%E3%83%95%E3%83%83%E3%83%89-%E3%82%B9%E3%83%BC%E3%83%91%E3%83%BC%E3%83%8E%E3%83%B4%E3%82%A1/364561824?i=364561974,https://music.apple.com/jp/album/%E3%83%81%E3%83%A3%E3%82%A4%E3%83%AB%E3%83%89%E3%83%95%E3%83%83%E3%83%89-%E3%82%B9%E3%83%BC%E3%83%91%E3%83%BC%E3%83%8E%E3%83%B4%E3%82%A1/364561824?i=364561974,
JET CO.,4,cody beats,16,16,1,2010/04/07,MV,https://www.youtube.com/watch?v=uW3ItcV9MLE,https://www.youtube.com/watch?v=6eQQ4jAsXC8,https://open.spotify.com/track/2FPZxdQ9Ij6iE9jrHveyL0,https://music.apple.com/jp/album/cody-beats/364561824?i=364561976,https://music.apple.com/jp/album/cody-beats/352924360?i=352924362,
JET CO.,5,気まぐれ雑踏,22,22,,2010/04/07,♪,https://www.youtube.com/watch?v=-nwtrTIm--M,,https://open.spotify.com/track/3WmvwgGnDfLtv2uHiyEm3Z,https://music.apple.com/jp/album/%E6%B0%97%E3%81%BE%E3%81%90%E3%82%8C%E9%9B%91%E8%B8%8F/364561824?i=364561977,https://music.apple.com/jp/album/%E6%B0%97%E3%81%BE%E3%81%90%E3%82%8C%E9%9B%91%E8%B8%8F/364561824?i=364561977,
JET CO.,6,キライ = キライ,23,23,,2010/04/07,♪,https://www.youtube.com/watch?v=31W7psYbQRM,,https://open.spotify.com/track/054hqdZC73md5dZTRtmpTQ,https://music.apple.com/jp/album/%E3%82%AD%E3%83%A9%E3%82%A4-%E3%82%AD%E3%83%A9%E3%82%A4/364561824?i=364561979,https://music.apple.com/jp/album/%E3%82%AD%E3%83%A9%E3%82%A4-%E3%82%AD%E3%83%A9%E3%82%A4/364561824?i=364561979,
JET CO.,7,ライドオンタイム,24,24,,2010/04/07,♪,https://www.youtube.com/watch?v=8QH-Cxkmvmk,,https://open.spotify.com/track/1ersqroFUaKJL1n2pCFcIb,https://music.apple.com/jp/album/%E3%83%A9%E3%82%A4%E3%83%89%E3%82%AA%E3%83%B3%E3%82%BF%E3%82%A4%E3%83%A0/364561824?i=364561980,https://music.apple.com/jp/album/%E3%83%A9%E3%82%A4%E3%83%89%E3%82%AA%E3%83%B3%E3%82%BF%E3%82%A4%E3%83%A0/364561824?i=364561980,
JET CO.,8,meet the world time,25,25,,2010/04/07,♪,https://www.youtube.com/watch?v=mmDCVQ0FMjo,,https://open.spotify.com/track/5EUsPuWSMOSXou4QWRS7Cf,https://music.apple.com/jp/album/meet-the-world-time/364561824?i=364561981,https://music.apple.com/jp/album/meet-the-world-time/364561824?i=364561981,
JET CO.,9,夜が揺れている,26,26,,2010/04/07,♪,https://www.youtube.com/watch?v=NUExQ2g8lGg,,https://open.spotify.com/track/1le0RcQefOKjnvHo6vxbvP,https://music.apple.com/jp/album/%E5%A4%9C%E3%81%8C%E6%8F%BA%E3%82%8C%E3%81%A6%E3%81%84%E3%82%8B/364561824?i=364561982,https://music.apple.com/jp/album/%E5%A4%9C%E3%81%8C%E6%8F%BA%E3%82%8C%E3%81%A6%E3%81%84%E3%82%8B/364561824?i=364561982,
JET CO.,10,アイラブニージュー,27,27,,2010/04/07,♪,https://www.youtube.com/watch?v=weukMUbpsow,,https://open.spotify.com/track/1ZeQZ69r6u9QAZHgyHdRSd,https://music.apple.com/jp/album/%E3%82%A2%E3%82%A4%E3%83%A9%E3%83%96%E3%83%8B%E3%83%BC%E3%82%B8%E3%83%A5%E3%83%BC/364561824?i=364561983,https://music.apple.com/jp/album/%E3%82%A2%E3%82%A4%E3%83%A9%E3%83%96%E3%83%8B%E3%83%BC%E3%82%B8%E3%83%A5%E3%83%BC/364561824?i=364561983,
JET CO.,11,スノウアンサー,28,28,,2010/04/07,♪,https://www.youtube.com/watch?v=eC64l8KbmzA,,https://open.spotify.com/track/0VWx6FyvSCtNnw9AlGIuRR,https://music.apple.com/jp/album/%E3%82%B9%E3%83%8E%E3%82%A6%E3%82%A2%E3%83%B3%E3%82%B5%E3%83%BC/364561824?i=364561984,https://music.apple.com/jp/album/%E3%82%B9%E3%83%8E%E3%82%A6%E3%82%A2%E3%83%B3%E3%82%B5%E3%83%BC/364561824?i=364561984,
JET CO.,12,"""23:25""",29,29,,2010/04/07,♪,https://www.youtube.com/watch?v=Dd8cY0wEk0Y,,https://open.spotify.com/track/4efOA7G19lQc39m241X5pZ,https://music.apple.com/jp/album/23-25/364561824?i=364561996,https://music.apple.com/jp/album/23-25/364561824?i=364561996,D.A mix
スカースデイル,1,スカースデイル,30,30,,2010/11/24,MV,https://www.youtube.com/watch?v=3Wn-XCQl1os,,https://open.spotify.com/track/1OOLTJ1XzBHFSiy4TlwF8g,https://music.apple.com/jp/album/%E3%82%B9%E3%82%AB%E3%83%BC%E3%82%B9%E3%83%87%E3%82%A4%E3%83%AB/446040428?i=446040437,https://music.apple.com/jp/album/%E3%82%AB%E3%82%A6%E3%83%B3%E3%82%BF%E3%83%BC%E3%82%A2%E3%82%A4%E3%83%87%E3%83%B3%E3%83%86%E3%82%A3%E3%83%86%E3%82%A3/404722001?i=404722015,S.B style
スカースデイル,2,カウンターアイデンティティ,31,31,,2010/11/24,♪,https://www.youtube.com/watch?v=wHMMzb_TYGk,,https://open.spotify.com/track/2f68MffIx8TcF9m71EI768,,https://music.apple.com/jp/album/%E3%82%AB%E3%82%A6%E3%83%B3%E3%82%BF%E3%83%BC%E3%82%A2%E3%82%A4%E3%83%87%E3%83%B3%E3%83%86%E3%82%A3%E3%83%86%E3%82%A3/446040428?i=446040448,
スカースデイル,3,マスターボリューム,4,4,1,2010/11/24,MV,https://www.youtube.com/watch?v=06Y5m8ZODXo,,https://open.spotify.com/track/3Jf00gsLxnRbrIavnAQU6f,https://music.apple.com/jp/album/%E3%83%9E%E3%82%B9%E3%82%BF%E3%83%BC%E3%83%9C%E3%83%AA%E3%83%A5%E3%83%BC%E3%83%A0/310970395?i=310970421,https://music.apple.com/jp/album/%E3%83%9E%E3%82%B9%E3%82%BF%E3%83%BC%E3%83%9C%E3%83%AA%E3%83%A5%E3%83%BC%E3%83%A0/310970395?i=310970421,S.B style
スカースデイル,4,5分後のスターダスト,2,2,1,2010/11/24,♪,,https://www.youtube.com/watch?v=vztCV2vPQq4,,,https://music.apple.com/jp/album/5%E5%88%86%E5%BE%8C%E3%81%AE%E3%82%B9%E3%82%BF%E3%83%BC%E3%83%80%E3%82%B9%E3%83%88/306069909?i=306069911,B.C mix
スカースデイル,5,さよなら第九惑星,32,32,,2010/11/24,♪,,,,,https://music.apple.com/jp/album/%E3%81%95%E3%82%88%E3%81%AA%E3%82%89%E7%AC%AC%E4%B9%9D%E6%83%91%E6%98%9F/1476041503?i=1476041536,
スカースデイル,6,デイライ協奏楽団,9,9,1,2010/11/24,♪,https://www.youtube.com/watch?v=UJFE3bM8hWU,,https://open.spotify.com/track/7qg8xFrQnAr3gVYuWyA5Ju,https://music.apple.com/jp/album/%E3%83%87%E3%82%A4%E3%83%A9%E3%82%A4%E5%8D%94%E5%A5%8F%E6%A5%BD%E5%9B%A3/310970395?i=310970417,https://music.apple.com/jp/album/%E3%83%87%E3%82%A4%E3%83%A9%E3%82%A4%E5%8D%94%E5%A5%8F%E6%A5%BD%E5%9B%A3/310970395?i=310970417,
スカースデイル,7,等身大の地球,10,10,1,2010/11/24,♪,https://www.youtube.com/watch?v=OPSzOCG8F5k,,https://open.spotify.com/track/7LayWBcvsChldu9SbeEEBM,https://music.apple.com/jp/album/%E7%AD%89%E8%BA%AB%E5%A4%A7%E3%81%AE%E5%9C%B0%E7%90%83/310970395?i=310970418,https://music.apple.com/jp/album/%E7%AD%89%E8%BA%AB%E5%A4%A7%E3%81%AE%E5%9C%B0%E7%90%83/310970395?i=310970418,
スカースデイル,8,アイラブニージュー,27,27,1,2010/11/24,♪,https://www.youtube.com/watch?v=weukMUbpsow,,https://open.spotify.com/track/1ZeQZ69r6u9QAZHgyHdRSd,https://music.apple.com/jp/album/%E3%82%A2%E3%82%A4%E3%83%A9%E3%83%96%E3%83%8B%E3%83%BC%E3%82%B8%E3%83%A5%E3%83%BC/364561824?i=364561983,https://music.apple.com/jp/album/%E3%82%A2%E3%82%A4%E3%83%A9%E3%83%96%E3%83%8B%E3%83%BC%E3%82%B8%E3%83%A5%E3%83%BC/364561824?i=364561983,
オリオンをなぞる,1,オリオンをなぞる,33,33,,2011/05/11,MV,https://www.youtube.com/watch?v=Lw5o2pSrVbQ,https://www.youtube.com/watch?v=0fTxmlSYIrA,https://open.spotify.com/track/0opkjjC7nn6YO8NXzkDAPP,https://music.apple.com/jp/album/%E3%82%AA%E3%83%AA%E3%82%AA%E3%83%B3%E3%82%92%E3%81%AA%E3%81%9E%E3%82%8B/446040428?i=446040450,https://music.apple.com/jp/album/%E3%82%AA%E3%83%AA%E3%82%AA%E3%83%B3%E3%82%92%E3%81%AA%E3%81%9E%E3%82%8B/432476549?i=432476550,
オリオンをなぞる,2,僕は君になりたい,34,34,,2011/05/11,♪,https://www.youtube.com/watch?v=7mW7eEgFwRc,https://www.youtube.com/watch?v=7mW7eEgFwRc,,,https://music.apple.com/jp/album/%E5%83%95%E3%81%AF%E5%90%9B%E3%81%AB%E3%81%AA%E3%82%8A%E3%81%9F%E3%81%84/432476549?i=432476551,B.C mix
オリオンをなぞる,3,UNOストーリー,35,35,,2011/05/11,♪,,,,,https://music.apple.com/jp/album/uno%E3%82%B9%E3%83%88%E3%83%BC%E3%83%AA%E3%83%BC-b-c-mix/1471093264?i=1471093272,B.C mix
オリオンをなぞる,4,over driver,36,36,,2011/05/11,♪,,https://www.youtube.com/watch?v=ysESQ1Ci110,,,https://music.apple.com/jp/album/over-driver-b-c-mix/1471093264?i=1471093273,B.C mix
オリオンをなぞる,5,カラクリカルカレ,7,7,1,2011/05/11,♪,https://www.youtube.com/watch?v=zTB_n9nVGL0,,https://open.spotify.com/track/6Q0OKR3DhSs48Mk7yuwJfn,https://music.apple.com/jp/album/%E3%82%AB%E3%83%A9%E3%82%AF%E3%83%AA%E3%82%AB%E3%83%AB%E3%82%AB%E3%83%AC/310970395?i=310970400,https://music.apple.com/jp/album/%E3%82%AB%E3%83%A9%E3%82%AF%E3%83%AA%E3%82%AB%E3%83%AB%E3%82%AB%E3%83%AC/310970395?i=310970400,
オリオンをなぞる,6,"""23:25""",29,29,1,2011/05/11,♪,https://www.youtube.com/watch?v=Dd8cY0wEk0Y,,https://open.spotify.com/track/4efOA7G19lQc39m241X5pZ,https://music.apple.com/jp/album/23-25/364561824?i=364561996,https://music.apple.com/jp/album/23-25/364561824?i=364561996,D.A mix
オリオンをなぞる,7,ガリレオのショーケース,3,3,1,2011/05/11,♪,,,,,https://music.apple.com/jp/album/%E3%82%AC%E3%83%AA%E3%83%AC%E3%82%AA%E3%81%AE%E3%82%B7%E3%83%A7%E3%83%BC%E3%82%B1%E3%83%BC%E3%82%B9/1476041503?i=1476041505,D.A style
Populus Populus,1,3 minutes replay,37,37,,2011/07/06,♪,https://www.youtube.com/watch?v=0rbtxVtIGaw,,https://open.spotify.com/track/6zzJwGAriBiJbMGMoCVtPv,https://music.apple.com/jp/album/3-minutes-replay/446040428?i=446040430,https://music.apple.com/jp/album/3-minutes-replay/446040428?i=446040430,
Populus Populus,2,"kid,I like quartet",38,38,,2011/07/06,♪,https://www.youtube.com/watch?v=RnQuWy32Xkk,,https://open.spotify.com/track/7CWKzHSwqBCaSXalAwKkC2,https://music.apple.com/jp/album/kid-i-like-quartet/446040428?i=446040431,https://music.apple.com/jp/album/kid-i-like-quartet/446040428?i=446040431,D.A mix
Populus Populus,3,プロトラクト・カウントダウン,39,39,,2011/07/06,♪,https://www.youtube.com/watch?v=mh_SINKt338,,https://open.spotify.com/track/7gBdtyfhffTRugKHcajuPY,https://music.apple.com/jp/album/%E3%83%97%E3%83%AD%E3%83%88%E3%83%A9%E3%82%AF%E3%83%88-%E3%82%AB%E3%82%A6%E3%83%B3%E3%83%88%E3%83%80%E3%82%A6%E3%83%B3/446040428?i=446040433,https://music.apple.com/jp/album/%E3%83%97%E3%83%AD%E3%83%88%E3%83%A9%E3%82%AF%E3%83%88-%E3%82%AB%E3%82%A6%E3%83%B3%E3%83%88%E3%83%80%E3%82%A6%E3%83%B3/446040428?i=446040433,
Populus Populus,4,きみのもとへ,40,40,,2011/07/06,♪,https://www.youtube.com/watch?v=R_xfwmF-210,,https://open.spotify.com/track/2Rbn9fr6Ff9laFzijyfckz,https://music.apple.com/jp/album/%E3%81%8D%E3%81%BF%E3%81%AE%E3%82%82%E3%81%A8%E3%81%B8/446040428?i=446040434,https://music.apple.com/jp/album/%E3%81%8D%E3%81%BF%E3%81%AE%E3%82%82%E3%81%A8%E3%81%B8/446040428?i=446040434,
Populus Populus,5,僕らのその先,41,41,,2011/07/06,♪,https://www.youtube.com/watch?v=_Ts7BRdWR2A,,https://open.spotify.com/track/30iZob6RUJltjIQ95oWfUt,https://music.apple.com/jp/album/%E5%83%95%E3%82%89%E3%81%AE%E3%81%9D%E3%81%AE%E5%85%88/446040428?i=446040436,https://music.apple.com/jp/album/%E5%83%95%E3%82%89%E3%81%AE%E3%81%9D%E3%81%AE%E5%85%88/446040428?i=446040436,
Populus Populus,6,スカースデイル,30,30,1,2011/07/06,MV,https://www.youtube.com/watch?v=3Wn-XCQl1os,,https://open.spotify.com/track/1OOLTJ1XzBHFSiy4TlwF8g,https://music.apple.com/jp/album/%E3%82%B9%E3%82%AB%E3%83%BC%E3%82%B9%E3%83%87%E3%82%A4%E3%83%AB/446040428?i=446040437,https://music.apple.com/jp/album/%E3%82%AB%E3%82%A6%E3%83%B3%E3%82%BF%E3%83%BC%E3%82%A2%E3%82%A4%E3%83%87%E3%83%B3%E3%83%86%E3%82%A3%E3%83%86%E3%82%A3/404722001?i=404722015,S.B style
Populus Populus,7,ワールドワイド・スーパーガール,42,42,,2011/07/06,♪,https://www.youtube.com/watch?v=x6DsCvvozaQ,,https://open.spotify.com/track/3aYqLRugkDsNP6pzl5aNKD,https://music.apple.com/jp/album/%E3%83%AF%E3%83%BC%E3%83%AB%E3%83%89%E3%83%AF%E3%82%A4%E3%83%89-%E3%82%B9%E3%83%BC%E3%83%91%E3%83%BC%E3%82%AC%E3%83%BC%E3%83%AB/446040428?i=446040441,https://music.apple.com/jp/album/%E3%83%AF%E3%83%BC%E3%83%AB%E3%83%89%E3%83%AF%E3%82%A4%E3%83%89-%E3%82%B9%E3%83%BC%E3%83%91%E3%83%BC%E3%82%AC%E3%83%BC%E3%83%AB/446040428?i=446040441,
Populus Populus,8,CAPACITY超える,43,43,,2011/07/06,♪,https://www.youtube.com/watch?v=oomOdRtnRRQ,,https://open.spotify.com/track/0lCWLfnD36eAoe1iICU8HQ,https://music.apple.com/jp/album/capacity%E8%B6%85%E3%81%88%E3%82%8B/446040428?i=446040442,https://music.apple.com/jp/album/capacity%E8%B6%85%E3%81%88%E3%82%8B/446040428?i=446040442,
Populus Populus,9,場違いハミングバード,44,44,,2011/07/06,♪,https://www.youtube.com/watch?v=A0tfcozLEmI,,https://open.spotify.com/track/6O4bcP0E4z0nq5WxLN8ski,https://music.apple.com/jp/album/%E5%A0%B4%E9%81%95%E3%81%84%E3%83%8F%E3%83%9F%E3%83%B3%E3%82%B0%E3%83%90%E3%83%BC%E3%83%89/1476041503?i=1476041515,https://music.apple.com/jp/album/%E5%A0%B4%E9%81%95%E3%81%84%E3%83%8F%E3%83%9F%E3%83%B3%E3%82%B0%E3%83%90%E3%83%BC%E3%83%89/1476041503?i=1476041515,D.A mix
Populus Populus,10,カウンターアイデンティティ,31,31,1,2011/07/06,♪,https://www.youtube.com/watch?v=wHMMzb_TYGk,,https://open.spotify.com/track/2f68MffIx8TcF9m71EI768,,https://music.apple.com/jp/album/%E3%82%AB%E3%82%A6%E3%83%B3%E3%82%BF%E3%83%BC%E3%82%A2%E3%82%A4%E3%83%87%E3%83%B3%E3%83%86%E3%82%A3%E3%83%86%E3%82%A3/446040428?i=446040448,
Populus Populus,11,未完成デイジー,45,45,,2011/07/06,♪,https://www.youtube.com/watch?v=bWKpaa2Twrk,,https://open.spotify.com/track/3z0huRfhLtwxaeErmwCIw0,https://music.apple.com/jp/album/%E6%9C%AA%E5%AE%8C%E6%88%90%E3%83%87%E3%82%A4%E3%82%B8%E3%83%BC/446040428?i=446040449,https://music.apple.com/jp/album/%E6%9C%AA%E5%AE%8C%E6%88%90%E3%83%87%E3%82%A4%E3%82%B8%E3%83%BC/446040428?i=446040449,D.A mix
Populus Populus,12,オリオンをなぞる,33,33,1,2011/07/06,MV,https://www.youtube.com/watch?v=Lw5o2pSrVbQ,https://www.youtube.com/watch?v=0fTxmlSYIrA,https://open.spotify.com/track/0opkjjC7nn6YO8NXzkDAPP,https://music.apple.com/jp/album/%E3%82%AA%E3%83%AA%E3%82%AA%E3%83%B3%E3%82%92%E3%81%AA%E3%81%9E%E3%82%8B/446040428?i=446040450,https://music.apple.com/jp/album/%E3%82%AA%E3%83%AA%E3%82%AA%E3%83%B3%E3%82%92%E3%81%AA%E3%81%9E%E3%82%8B/432476549?i=432476550,S.B style
Populus Populus,13,シュプレヒコール〜世界が終わる前に〜,46,46,,2011/07/06,♪,https://www.youtube.com/watch?v=E6G74NmuNZM,,https://open.spotify.com/track/7L1H9eWVLb727nLmlP1rPy,https://music.apple.com/jp/album/%E3%82%B7%E3%83%A5%E3%83%97%E3%83%AC%E3%83%92%E3%82%B3%E3%83%BC%E3%83%AB-%E4%B8%96%E7%95%8C%E3%81%8C%E7%B5%82%E3%82%8F%E3%82%8B%E5%89%8D%E3%81%AB/446040428?i=446040451,https://music.apple.com/jp/album/%E3%82%B7%E3%83%A5%E3%83%97%E3%83%AC%E3%83%92%E3%82%B3%E3%83%BC%E3%83%AB-%E4%B8%96%E7%95%8C%E3%81%8C%E7%B5%82%E3%82%8F%E3%82%8B%E5%89%8D%E3%81%AB/446040428?i=446040451,
流星のスコール,1,流星のスコール,47,47,,2012/07/25,MV,https://www.youtube.com/watch?v=LlYwKcKNPhs,,https://open.spotify.com/track/1mLramLVll0UemJa6mvh1x,,https://music.apple.com/jp/album/%E3%81%95%E3%82%88%E3%81%AA%E3%82%89%E3%82%B5%E3%83%9E%E3%83%BC%E3%82%BF%E3%82%A4%E3%83%A0%E3%83%9E%E3%82%B7%E3%83%B3/543515060?i=543515063,
流星のスコール,2,さよならサマータイムマシン,48,48,,2012/07/25,MV,https://www.youtube.com/watch?v=JPJG-uTno4E,,,,https://music.apple.com/jp/album/%E3%81%95%E3%82%88%E3%81%AA%E3%82%89%E3%82%B5%E3%83%9E%E3%83%BC%E3%82%BF%E3%82%A4%E3%83%A0%E3%83%9E%E3%82%B7%E3%83%B3-b-c-mix/1471093264?i=1471093274,B.C mix
流星のスコール,3,誰かが忘れているかもしれない僕らに大事な001 のこと,49,49,,2012/07/25,♪,,,https://open.spotify.com/track/4lsr2reyebKMrEI6MygShD,,https://music.apple.com/jp/album/%E8%AA%B0%E3%81%8B%E3%81%8C%E5%BF%98%E3%82%8C%E3%81%A6%E3%81%84%E3%82%8B%E3%81%8B%E3%82%82%E3%81%97%E3%82%8C%E3%81%AA%E3%81%84%E5%83%95%E3%82%89%E3%81%AB%E5%A4%A7%E4%BA%8B%E3%81%AA001%E3%81%AE%E3%81%93%E3%81%A8-d-a-mix/1016336570?i=1016336581,
流星のスコール,4,カウンターアイデンティティ,31,31,1,2012/07/25,♪,https://www.youtube.com/watch?v=wHMMzb_TYGk,,https://open.spotify.com/track/2f68MffIx8TcF9m71EI768,,https://music.apple.com/jp/album/%E3%82%AB%E3%82%A6%E3%83%B3%E3%82%BF%E3%83%BC%E3%82%A2%E3%82%A4%E3%83%87%E3%83%B3%E3%83%86%E3%82%A3%E3%83%86%E3%82%A3/446040428?i=446040448,
流星のスコール,5,ワールドワイド・スーパーガール,42,42,1,2012/07/25,♪,https://www.youtube.com/watch?v=x6DsCvvozaQ,,https://open.spotify.com/track/3aYqLRugkDsNP6pzl5aNKD,https://music.apple.com/jp/album/%E3%83%AF%E3%83%BC%E3%83%AB%E3%83%89%E3%83%AF%E3%82%A4%E3%83%89-%E3%82%B9%E3%83%BC%E3%83%91%E3%83%BC%E3%82%AC%E3%83%BC%E3%83%AB/446040428?i=446040441,https://music.apple.com/jp/album/%E3%83%AF%E3%83%BC%E3%83%AB%E3%83%89%E3%83%AF%E3%82%A4%E3%83%89-%E3%82%B9%E3%83%BC%E3%83%91%E3%83%BC%E3%82%AC%E3%83%BC%E3%83%AB/446040428?i=446040441,
流星のスコール,6,フルカラープログラム,50,50,,2012/07/25,♪,,https://www.youtube.com/watch?v=iNtA7YgE8D8,https://open.spotify.com/track/789qMWni5aMixbI4E5bSbN,,https://music.apple.com/jp/album/%E3%83%95%E3%83%AB%E3%82%AB%E3%83%A9%E3%83%BC%E3%83%97%E3%83%AD%E3%82%B0%E3%83%A9%E3%83%A0/1476041503?i=1476041530,D.A style
リニアブルーを聴きながら,1,リニアブルーを聴きながら,51,51,,2012/09/19,MV,https://www.youtube.com/watch?v=vAOBQtKyqW8,,https://open.spotify.com/track/3pK2AiyPVlUMhEsMef1z3G,https://music.apple.com/jp/album/%E3%83%AA%E3%83%8B%E3%82%A2%E3%83%96%E3%83%AB%E3%83%BC%E3%82%92%E8%81%B4%E3%81%8D%E3%81%AA%E3%81%8C%E3%82%89/595575657?i=595575666,https://music.apple.com/jp/album/%E3%83%AA%E3%83%8B%E3%82%A2%E3%83%96%E3%83%AB%E3%83%BC%E3%82%92%E8%81%B4%E3%81%8D%E3%81%AA%E3%81%8C%E3%82%89/560462902?i=560462903,
リニアブルーを聴きながら,2,さわれない歌,52,52,,2012/09/19,♪,https://www.youtube.com/watch?v=-JrT6INV3fc,,https://open.spotify.com/track/4E6VpEnKgXIi0sFHYFEUtZ,https://music.apple.com/jp/album/%E3%81%95%E3%82%8F%E3%82%8C%E3%81%AA%E3%81%84%E6%AD%8C/1016336570?i=1016336650,https://music.apple.com/jp/album/%E3%81%95%E3%82%8F%E3%82%8C%E3%81%AA%E3%81%84%E6%AD%8C/1471093264?i=1471093276,
リニアブルーを聴きながら,3,三日月の夜の真ん中,53,53,,2012/09/19,♪,,,,,https://music.apple.com/jp/album/%E4%B8%89%E6%97%A5%E6%9C%88%E3%81%AE%E5%A4%9C%E3%81%AE%E7%9C%9F%E3%82%93%E4%B8%AD-b-c-mix/1471093264?i=1471093277,B.C mix
リニアブルーを聴きながら,4,ラブソングは突然に ~What is the name of that mystery?~,54,54,,2012/09/19,♪,,https://www.youtube.com/watch?v=wnYttk2Jt3E,,,https://music.apple.com/jp/album/%E3%83%A9%E3%83%96%E3%82%BD%E3%83%B3%E3%82%B0%E3%81%AF%E7%AA%81%E7%84%B6%E3%81%AB-what-is-the-name-of-that-mystery/1471093264?i=1471093278,
CIDER ROAD,1,to the CIDER ROAD,55,55,,2013/02/06,♪,https://www.youtube.com/watch?v=NNDqwqlui7Y,,https://open.spotify.com/track/6E9u08JoTmobb2gRglkvKO,https://music.apple.com/jp/album/to-the-cider-road/595575657?i=595575664,https://music.apple.com/jp/album/to-the-cider-road/595575657?i=595575664,
CIDER ROAD,2,ため息 shooting the MOON,56,56,,2013/02/06,♪,https://www.youtube.com/watch?v=DcdhaBA4iQg,,https://open.spotify.com/track/2pnAagSnHL3b9d7imVvDRi,https://music.apple.com/jp/album/%E3%81%9F%E3%82%81%E6%81%AF-shooting-the-moon/595575657?i=595575665,https://music.apple.com/jp/album/%E3%81%9F%E3%82%81%E6%81%AF-shooting-the-moon/595575657?i=595575665,
CIDER ROAD,3,リニアブルーを聴きながら,51,51,1,2013/02/06,MV,https://www.youtube.com/watch?v=vAOBQtKyqW8,,https://open.spotify.com/track/3pK2AiyPVlUMhEsMef1z3G,https://music.apple.com/jp/album/%E3%83%AA%E3%83%8B%E3%82%A2%E3%83%96%E3%83%AB%E3%83%BC%E3%82%92%E8%81%B4%E3%81%8D%E3%81%AA%E3%81%8C%E3%82%89/595575657?i=595575666,https://music.apple.com/jp/album/%E3%83%AA%E3%83%8B%E3%82%A2%E3%83%96%E3%83%AB%E3%83%BC%E3%82%92%E8%81%B4%E3%81%8D%E3%81%AA%E3%81%8C%E3%82%89/560462902?i=560462903,
CIDER ROAD,4,like coffeeのおまじない,57,57,,2013/02/06,♪,https://www.youtube.com/watch?v=DihOkJj8TLM,,https://open.spotify.com/track/4WMIpIlBVJIIUxZywSyqBi,https://music.apple.com/jp/album/like-coffee%E3%81%AE%E3%81%8A%E3%81%BE%E3%81%98%E3%81%AA%E3%81%84/595575657?i=595575667,https://music.apple.com/jp/album/like-coffee%E3%81%AE%E3%81%8A%E3%81%BE%E3%81%98%E3%81%AA%E3%81%84/595575657?i=595575667,
CIDER ROAD,5,お人好しカメレオン,58,58,,2013/02/06,♪,https://www.youtube.com/watch?v=GZWgwHTbKhg,,https://open.spotify.com/track/2RGD9prgLDXkvp7ibgO4ar,https://music.apple.com/jp/album/%E3%81%8A%E4%BA%BA%E5%A5%BD%E3%81%97%E3%82%AB%E3%83%A1%E3%83%AC%E3%82%AA%E3%83%B3/595575657?i=595575668,https://music.apple.com/jp/album/%E3%81%8A%E4%BA%BA%E5%A5%BD%E3%81%97%E3%82%AB%E3%83%A1%E3%83%AC%E3%82%AA%E3%83%B3/595575657?i=595575668,
CIDER ROAD,6,光のどけき春の日に,59,59,,2013/02/06,♪,https://www.youtube.com/watch?v=o6nIH_HASFQ,,https://open.spotify.com/track/3gKiFYpMgtOWN7ewTtDGCd,https://music.apple.com/jp/album/%E5%85%89%E3%81%AE%E3%81%A9%E3%81%91%E3%81%8D%E6%98%A5%E3%81%AE%E6%97%A5%E3%81%AB/595575657?i=595575729,https://music.apple.com/jp/album/%E5%85%89%E3%81%AE%E3%81%A9%E3%81%91%E3%81%8D%E6%98%A5%E3%81%AE%E6%97%A5%E3%81%AB/595575657?i=595575729,
CIDER ROAD,7,クロスハート1号線(advantage in a long time),60,60,,2013/02/06,♪,https://www.youtube.com/watch?v=frm_eJCPv8M,,https://open.spotify.com/track/5DmreR05ybSXWVMTUD7tmd,https://music.apple.com/jp/album/%E3%82%AF%E3%83%AD%E3%82%B9%E3%83%8F%E3%83%BC%E3%83%881%E5%8F%B7%E7%B7%9A-advantage-in-a-long-time/595575657?i=595575730,https://music.apple.com/jp/album/%E3%82%AF%E3%83%AD%E3%82%B9%E3%83%8F%E3%83%BC%E3%83%881%E5%8F%B7%E7%B7%9A-advantage-in-a-long-time/595575657?i=595575730,
CIDER ROAD,8,セレナーデが止まらない,61,61,,2013/02/06,♪,https://www.youtube.com/watch?v=RbXYZj_GwBA,,https://open.spotify.com/track/3yLHETt2gGetPCMl1IswW5,https://music.apple.com/jp/album/%E3%82%BB%E3%83%AC%E3%83%8A%E3%83%BC%E3%83%87%E3%81%8C%E6%AD%A2%E3%81%BE%E3%82%89%E3%81%AA%E3%81%84/595575657?i=595575731,https://music.apple.com/jp/album/%E3%82%BB%E3%83%AC%E3%83%8A%E3%83%BC%E3%83%87%E3%81%8C%E6%AD%A2%E3%81%BE%E3%82%89%E3%81%AA%E3%81%84/595575657?i=595575731,
CIDER ROAD,9,流星のスコール,47,47,1,2013/02/06,MV,https://www.youtube.com/watch?v=LlYwKcKNPhs,,https://open.spotify.com/track/1mLramLVll0UemJa6mvh1x,,https://music.apple.com/jp/album/%E3%81%95%E3%82%88%E3%81%AA%E3%82%89%E3%82%B5%E3%83%9E%E3%83%BC%E3%82%BF%E3%82%A4%E3%83%A0%E3%83%9E%E3%82%B7%E3%83%B3/543515060?i=543515063,
CIDER ROAD,10,Miss.サンディ,62,62,,2013/02/06,♪,https://www.youtube.com/watch?v=4iaJAZM4mlE,,https://open.spotify.com/track/1yqukkt1v000brrO1i1MGi,https://music.apple.com/jp/album/miss-%E3%82%B5%E3%83%B3%E3%83%87%E3%82%A3/595575657?i=595575733,https://music.apple.com/jp/album/miss-%E3%82%B5%E3%83%B3%E3%83%87%E3%82%A3/595575657?i=595575733,
CIDER ROAD,11,crazy birthday,63,63,,2013/02/06,♪,https://www.youtube.com/watch?v=Ul6zqJg0R0s,,https://open.spotify.com/track/1Lllh1omCfYRJyRplujAFR,https://music.apple.com/jp/album/crazy-birthday/595575657?i=595575734,https://music.apple.com/jp/album/crazy-birthday/595575657?i=595575734,
CIDER ROAD,12,君はともだち,64,64,,2013/02/06,♪,https://www.youtube.com/watch?v=7Zv_HHSmZs8,,https://open.spotify.com/track/22Zu1xTakRpyyH5iHeU8Cz,https://music.apple.com/jp/album/%E5%90%9B%E3%81%AF%E3%81%A8%E3%82%82%E3%81%A0%E3%81%A1/595575657?i=595575735,https://music.apple.com/jp/album/%E5%90%9B%E3%81%AF%E3%81%A8%E3%82%82%E3%81%A0%E3%81%A1/595575657?i=595575735,
CIDER ROAD,13,シャンデリア・ワルツ,65,65,,2013/02/06,♪,https://www.youtube.com/watch?v=TJZH4dofY-8,https://www.youtube.com/watch?v=ruwn5TqX87s,https://open.spotify.com/track/0fOq8IETOgXteHpm0sMMNq,https://music.apple.com/jp/album/%E3%82%B7%E3%83%A3%E3%83%B3%E3%83%87%E3%83%AA%E3%82%A2-%E3%83%AF%E3%83%AB%E3%83%84/1476041503?i=1476041537,https://music.apple.com/jp/album/%E3%82%B7%E3%83%A3%E3%83%B3%E3%83%87%E3%83%AA%E3%82%A2-%E3%83%AF%E3%83%AB%E3%83%84/1476041503?i=1476041537,
桜のあと（all quartets lead to the?）,1,桜のあと (all quartets lead to the?),66,66,,2013/11/06,MV,https://www.youtube.com/watch?v=nNf_zW-tTrg,https://www.youtube.com/watch?v=9zluQwPBMWM,https://open.spotify.com/track/11Dh1gTFD9QcmmzwNusHTk,https://music.apple.com/jp/album/%E6%A1%9C%E3%81%AE%E3%81%82%E3%81%A8-all-quartets-lead-to-the/899382318?i=899382322,https://music.apple.com/jp/album/%E6%A1%9C%E3%81%AE%E3%81%82%E3%81%A8-all-quartets-lead-to-the-originally-performed-by/756450780?i=756450835,
桜のあと（all quartets lead to the?）,2,ノンフィクションコンパス,67,67,,2013/11/06,♪,,https://www.youtube.com/watch?v=E4sq2rBnmpE,,,https://music.apple.com/jp/album/%E3%83%8E%E3%83%B3%E3%83%95%E3%82%A3%E3%82%AF%E3%82%B7%E3%83%A7%E3%83%B3%E3%82%B3%E3%83%B3%E3%83%91%E3%82%B9-b-c-mix/1471093264?i=1471093279,
桜のあと（all quartets lead to the?）,3,セク × カラ × シソンズール,68,68,,2013/11/06,♪,,,,,https://music.apple.com/jp/album/%E3%82%BB%E3%82%AF-%E3%82%AB%E3%83%A9-%E3%82%B7%E3%82%BD%E3%83%B3%E3%82%BA%E3%83%BC%E3%83%AB/1471093264?i=1471093280,
harmonized finale,1,harmonized finale,69,69,,2014/02/05,MV,https://www.youtube.com/watch?v=h8lAl9kejYU,,https://open.spotify.com/track/2L7CbheAwtkzVdmlS3PIfQ,https://music.apple.com/jp/album/harmonized-finale/899382318?i=899382328,https://music.apple.com/jp/album/harmonized-finale/805984247?i=805984250,
harmonized finale,2,ピストルギャラクシー,70,70,,2014/02/05,♪,,https://www.youtube.com/watch?v=ysESQ1Ci110,,,https://music.apple.com/jp/album/%E3%83%94%E3%82%B9%E3%83%88%E3%83%AB%E3%82%AE%E3%83%A3%E3%83%A9%E3%82%AF%E3%82%B7%E3%83%BC/1471093264?i=1471093281,
harmonized finale,3,三月物語,71,71,,2014/02/05,♪,,,,,https://music.apple.com/jp/album/%E4%B8%89%E6%9C%88%E7%89%A9%E8%AA%9E/1471093264?i=1471093282,
harmonized finale,4,I wanna believe、夜を行く,72,72,,2014/02/05,♪,,,,,https://music.apple.com/jp/album/i-wanna-believe-%E5%A4%9C%E3%82%92%E8%A1%8C%E3%81%8F/805984247?i=805984253,B.C mix
Catcher In The Spy,1,サイレンインザスパイ,73,73,,2014/08/27,♪,https://www.youtube.com/watch?v=m9PLx4erEpU,,https://open.spotify.com/track/0k3dUdecwv2V9SejvxIBLb,https://music.apple.com/jp/album/%E3%82%B5%E3%82%A4%E3%83%AC%E3%83%B3%E3%82%A4%E3%83%B3%E3%82%B6%E3%82%B9%E3%83%91%E3%82%A4/899382318?i=899382319,https://music.apple.com/jp/album/%E3%82%B5%E3%82%A4%E3%83%AC%E3%83%B3%E3%82%A4%E3%83%B3%E3%82%B6%E3%82%B9%E3%83%91%E3%82%A4/899382318?i=899382319,
Catcher In The Spy,2,シューゲイザースピーカー,74,74,,2014/08/27,♪,https://www.youtube.com/watch?v=NR7DZGbYThg,,https://open.spotify.com/track/1maoYTEYZgVSHw1zAEZQ9i,https://music.apple.com/jp/album/%E3%82%B7%E3%83%A5%E3%83%BC%E3%82%B2%E3%82%A4%E3%82%B6%E3%83%BC%E3%82%B9%E3%83%94%E3%83%BC%E3%82%AB%E3%83%BC/1476041503?i=1476041528,https://music.apple.com/jp/album/%E3%82%B7%E3%83%A5%E3%83%BC%E3%82%B2%E3%82%A4%E3%82%B6%E3%83%BC%E3%82%B9%E3%83%94%E3%83%BC%E3%82%AB%E3%83%BC/1476041503?i=1476041528,
Catcher In The Spy,3,桜のあと (all quartets lead to the?),66,66,1,2014/08/27,MV,https://www.youtube.com/watch?v=nNf_zW-tTrg,https://www.youtube.com/watch?v=9zluQwPBMWM,https://open.spotify.com/track/11Dh1gTFD9QcmmzwNusHTk,https://music.apple.com/jp/album/%E6%A1%9C%E3%81%AE%E3%81%82%E3%81%A8-all-quartets-lead-to-the/899382318?i=899382322,https://music.apple.com/jp/album/%E6%A1%9C%E3%81%AE%E3%81%82%E3%81%A8-all-quartets-lead-to-the-originally-performed-by/756450780?i=756450835,
Catcher In The Spy,4,蒙昧termination,75,75,,2014/08/27,♪,https://www.youtube.com/watch?v=GoqdlgLAWX0,,https://open.spotify.com/track/2lpsqnkobAaBQhaAPqbZBP,https://music.apple.com/jp/album/%E8%92%99%E6%98%A7termination/1476041503?i=1476041512,https://music.apple.com/jp/album/%E8%92%99%E6%98%A7termination/1476041503?i=1476041512,
Catcher In The Spy,5,君が大人になってしまう前に,76,76,,2014/08/27,♪,https://www.youtube.com/watch?v=ocIMFdKrwP8,,https://open.spotify.com/track/395nnqivlA2UMaNTmRnwqt,https://music.apple.com/jp/album/%E5%90%9B%E3%81%8C%E5%A4%A7%E4%BA%BA%E3%81%AB%E3%81%AA%E3%81%A3%E3%81%A6%E3%81%97%E3%81%BE%E3%81%86%E5%89%8D%E3%81%AB/899382318?i=899382324,https://music.apple.com/jp/album/%E5%90%9B%E3%81%8C%E5%A4%A7%E4%BA%BA%E3%81%AB%E3%81%AA%E3%81%A3%E3%81%A6%E3%81%97%E3%81%BE%E3%81%86%E5%89%8D%E3%81%AB/899382318?i=899382324,
Catcher In The Spy,6,メカトル時空探検隊,77,77,,2014/08/27,♪,https://www.youtube.com/watch?v=g-J7NgANcLg,,https://open.spotify.com/track/62iWacK1qKL5ISm82OFggG,https://music.apple.com/jp/album/%E3%83%A1%E3%82%AB%E3%83%88%E3%83%AB%E6%99%82%E7%A9%BA%E6%8E%A2%E6%A4%9C%E9%9A%8A/899382318?i=899382325,https://music.apple.com/jp/album/%E3%83%A1%E3%82%AB%E3%83%88%E3%83%AB%E6%99%82%E7%A9%BA%E6%8E%A2%E6%A4%9C%E9%9A%8A/899382318?i=899382325,
Catcher In The Spy,7,流れ星を撃ち落せ,78,78,,2014/08/27,♪,https://www.youtube.com/watch?v=9FwIe2vpcMk,,https://open.spotify.com/track/0ZEGYmVSPMIyAsdYun5W0u,https://music.apple.com/jp/album/%E6%B5%81%E3%82%8C%E6%98%9F%E3%82%92%E6%92%83%E3%81%A1%E8%90%BD%E3%81%9B/899382318?i=899382326,https://music.apple.com/jp/album/%E6%B5%81%E3%82%8C%E6%98%9F%E3%82%92%E6%92%83%E3%81%A1%E8%90%BD%E3%81%9B/899382318?i=899382326,
Catcher In The Spy,8,何かが変わりそう,79,79,,2014/08/27,♪,https://www.youtube.com/watch?v=4PMKUJzx6n8,,https://open.spotify.com/track/16znQXE8L2LT9c8i9krRNr,https://music.apple.com/jp/album/%E4%BD%95%E3%81%8B%E3%81%8C%E5%A4%89%E3%82%8F%E3%82%8A%E3%81%9D%E3%81%86/899382318?i=899382327,https://music.apple.com/jp/album/%E4%BD%95%E3%81%8B%E3%81%8C%E5%A4%89%E3%82%8F%E3%82%8A%E3%81%9D%E3%81%86/899382318?i=899382327,
Catcher In The Spy,9,harmonized finale,69,69,1,2014/08/27,MV,https://www.youtube.com/watch?v=h8lAl9kejYU,,https://open.spotify.com/track/2L7CbheAwtkzVdmlS3PIfQ,https://music.apple.com/jp/album/harmonized-finale/899382318?i=899382328,https://music.apple.com/jp/album/harmonized-finale/805984247?i=805984250,
Catcher In The Spy,10,天国と地獄,80,80,,2014/08/27,MV,https://www.youtube.com/watch?v=WIrfel05FMQ,https://www.youtube.com/watch?v=KGdrQkYgNko,https://open.spotify.com/track/61WIiThJRu8ses32U31dcM,https://music.apple.com/jp/album/%E5%A4%A9%E5%9B%BD%E3%81%A8%E5%9C%B0%E7%8D%84/899382318?i=899382330,https://music.apple.com/jp/album/%E5%A4%A9%E5%9B%BD%E3%81%A8%E5%9C%B0%E7%8D%84/899382318?i=899382330,
Catcher In The Spy,11,instant EGOIST,81,81,,2014/08/27,♪,https://www.youtube.com/watch?v=PK3I9jC7mMA,,https://open.spotify.com/track/5WVuZDGVw0DPD9hHr9JCQm,https://music.apple.com/jp/album/instant-egoist/899382318?i=899382331,https://music.apple.com/jp/album/instant-egoist/899382318?i=899382331,
Catcher In The Spy,12,黄昏インザスパイ,82,82,,2014/08/27,♪,https://www.youtube.com/watch?v=eZ8J_cwqW1Q,,https://open.spotify.com/track/3yiTCIyK8xCs3TjACtPawR,https://music.apple.com/jp/album/%E9%BB%84%E6%98%8F%E3%82%A4%E3%83%B3%E3%82%B6%E3%82%B9%E3%83%91%E3%82%A4/899382318?i=899382335,https://music.apple.com/jp/album/%E9%BB%84%E6%98%8F%E3%82%A4%E3%83%B3%E3%82%B6%E3%82%B9%E3%83%91%E3%82%A4/899382318?i=899382335,
シュガーソングとビターステップ,1,シュガーソングとビターステップ,83,83,,2015/05/20,MV,https://www.youtube.com/watch?v=JpCyeo_kNA0,,https://open.spotify.com/track/6bfjEGSR7DyC8MK8cp3ZCp,https://music.apple.com/jp/album/%E3%82%B7%E3%83%A5%E3%82%AC%E3%83%BC%E3%82%BD%E3%83%B3%E3%82%B0%E3%81%A8%E3%83%93%E3%82%BF%E3%83%BC%E3%82%B9%E3%83%86%E3%83%83%E3%83%97/1128654606?i=1128654728,https://music.apple.com/jp/album/%E3%82%B7%E3%83%A5%E3%82%AC%E3%83%BC%E3%82%BD%E3%83%B3%E3%82%B0%E3%81%A8%E3%83%93%E3%82%BF%E3%83%BC%E3%82%B9%E3%83%86%E3%83%83%E3%83%97/993140033?i=993140034,
シュガーソングとビターステップ,2,シグナルABC,84,84,,2015/05/21,♪,,,,,https://music.apple.com/jp/album/%E3%82%B7%E3%82%B0%E3%83%8A%E3%83%ABabc/993140033?i=993140035,
シュガーソングとビターステップ,3,東京シナリオ,85,85,,2015/05/22,♪,,,,,https://music.apple.com/jp/album/%E6%9D%B1%E4%BA%AC%E3%82%B7%E3%83%8A%E3%83%AA%E3%82%AA/1471093264?i=1471093285,
DUGOUT ACCIDENT,1,アンドロメダ,86,86,,2015/07/22,♪,https://www.youtube.com/watch?v=kAwMMva-Vfs,,https://open.spotify.com/track/3VJGOtDuqfQ631RWvSYt1l,https://music.apple.com/jp/album/%E3%82%A2%E3%83%B3%E3%83%89%E3%83%AD%E3%83%A1%E3%83%80/1016336570?i=1016336574,https://music.apple.com/jp/album/%E3%82%A2%E3%83%B3%E3%83%89%E3%83%AD%E3%83%A1%E3%83%80/1016336570?i=1016336574,
DUGOUT ACCIDENT,2,フルカラープログラム（D.A style）,87,50,,2015/07/22,♪,https://www.youtube.com/watch?v=nPC05glMMtQ,,https://open.spotify.com/track/789qMWni5aMixbI4E5bSbN,https://music.apple.com/jp/album/%E3%83%95%E3%83%AB%E3%82%AB%E3%83%A9%E3%83%BC%E3%83%97%E3%83%AD%E3%82%B0%E3%83%A9%E3%83%A0-d-a-style/1016336570?i=1016336575,https://music.apple.com/jp/album/%E3%83%95%E3%83%AB%E3%82%AB%E3%83%A9%E3%83%BC%E3%83%97%E3%83%AD%E3%82%B0%E3%83%A9%E3%83%A0-d-a-style/1016336570?i=1016336575,
DUGOUT ACCIDENT,3,徹頭徹尾夜な夜なドライブ,88,88,,2015/07/22,MV,https://www.youtube.com/watch?v=1Ns0LgzQJG8,https://www.youtube.com/watch?v=Gpt9IXmUT8g,https://open.spotify.com/track/1KSeENRM4AI7AnguJjJZaV,https://music.apple.com/jp/album/%E5%BE%B9%E9%A0%AD%E5%BE%B9%E5%B0%BE%E5%A4%9C%E3%81%AA%E5%A4%9C%E3%81%AA%E3%83%89%E3%83%A9%E3%82%A4%E3%83%96-vocal-guitar-%E6%96%8E%E8%97%A4%E5%AE%8F%E4%BB%8B-unison-square-garden/1454801516?i=1454801549,https://music.apple.com/jp/album/%E5%BE%B9%E9%A0%AD%E5%BE%B9%E5%B0%BE%E5%A4%9C%E3%81%AA%E5%A4%9C%E3%81%AA%E3%83%89%E3%83%A9%E3%82%A4%E3%83%96-vocal-guitar-%E6%96%8E%E8%97%A4%E5%AE%8F%E4%BB%8B-unison-square-garden/1454801516?i=1454801549,
DUGOUT ACCIDENT,4,ガリレオのショーケース（D.A style）,89,3,,2015/07/22,♪,https://www.youtube.com/watch?v=UXWp5BqsEQM,,https://open.spotify.com/track/75s2DIRY0jFfkJRI0VwIVJ,,https://music.apple.com/jp/album/%E3%82%AC%E3%83%AA%E3%83%AC%E3%82%AA%E3%81%AE%E3%82%B7%E3%83%A7%E3%83%BC%E3%82%B1%E3%83%BC%E3%82%B9-d-a-style/1471093264?i=1471093266,
DUGOUT ACCIDENT,5,23:25（D.A mix）,90,29,,2015/07/22,♪,https://www.youtube.com/watch?v=bpbRRITMYSI,,https://open.spotify.com/track/2fhHVtxrKSSo2riQU69bjB,https://music.apple.com/jp/album/23-25-d-a-mix/1016336570?i=1016336578,https://music.apple.com/jp/album/23-25-d-a-mix/1016336570?i=1016336578,
DUGOUT ACCIDENT,6,夕凪、アンサンブル,91,91,,2015/07/22,♪,https://www.youtube.com/watch?v=SFkSjyhd-eI,,https://open.spotify.com/track/6PgBfWNc9eFAOjICQtXKyx,https://music.apple.com/jp/album/%E5%A4%95%E5%87%AA-%E3%82%A2%E3%83%B3%E3%82%B5%E3%83%B3%E3%83%96%E3%83%AB/1016336570?i=1016336579,https://music.apple.com/jp/album/%E5%A4%95%E5%87%AA-%E3%82%A2%E3%83%B3%E3%82%B5%E3%83%B3%E3%83%96%E3%83%AB/1016336570?i=1016336579,
DUGOUT ACCIDENT,7,"kid, I like quartet（D.A mix）",92,38,,2015/07/22,♪,https://www.youtube.com/watch?v=4Ha5-XLw2xI,,https://open.spotify.com/track/7rHfpEp66AMucKxNnzD3PN,https://music.apple.com/jp/album/kid-i-like-quartet-d-a-mix/1016336570?i=1016336580,https://music.apple.com/jp/album/kid-i-like-quartet-d-a-mix/1016336570?i=1016336580,
DUGOUT ACCIDENT,8,誰かが忘れているかもしれない僕らに大事な001のこと（D.A mix）,93,49,,2015/07/22,♪,https://www.youtube.com/watch?v=Of7KC-WQcpE,,https://open.spotify.com/track/4lsr2reyebKMrEI6MygShD,https://music.apple.com/jp/album/%E8%AA%B0%E3%81%8B%E3%81%8C%E5%BF%98%E3%82%8C%E3%81%A6%E3%81%84%E3%82%8B%E3%81%8B%E3%82%82%E3%81%97%E3%82%8C%E3%81%AA%E3%81%84%E5%83%95%E3%82%89%E3%81%AB%E5%A4%A7%E4%BA%8B%E3%81%AA001%E3%81%AE%E3%81%93%E3%81%A8-d-a-mix/1016336570?i=1016336581,https://music.apple.com/jp/album/%E8%AA%B0%E3%81%8B%E3%81%8C%E5%BF%98%E3%82%8C%E3%81%A6%E3%81%84%E3%82%8B%E3%81%8B%E3%82%82%E3%81%97%E3%82%8C%E3%81%AA%E3%81%84%E5%83%95%E3%82%89%E3%81%AB%E5%A4%A7%E4%BA%8B%E3%81%AA001%E3%81%AE%E3%81%93%E3%81%A8-d-a-mix/1016336570?i=1016336581,D.A mix
DUGOUT ACCIDENT,9,天国と地獄,80,80,1,2015/07/22,MV,https://www.youtube.com/watch?v=WIrfel05FMQ,https://www.youtube.com/watch?v=KGdrQkYgNko,https://open.spotify.com/track/61WIiThJRu8ses32U31dcM,https://music.apple.com/jp/album/%E5%A4%A9%E5%9B%BD%E3%81%A8%E5%9C%B0%E7%8D%84/899382318?i=899382330,https://music.apple.com/jp/album/%E5%A4%A9%E5%9B%BD%E3%81%A8%E5%9C%B0%E7%8D%84/899382318?i=899382330,
DUGOUT ACCIDENT,10,未完成デイジー（D.A mix）,94,45,,2015/07/22,♪,https://www.youtube.com/watch?v=sGwwRjbeLWQ,,https://open.spotify.com/track/03XdlVWevtlnwyor1V0gOy,https://music.apple.com/jp/album/%E6%9C%AA%E5%AE%8C%E6%88%90%E3%83%87%E3%82%A4%E3%82%B8%E3%83%BC-d-a-mix/1016336570?i=1016336584,https://music.apple.com/jp/album/%E6%9C%AA%E5%AE%8C%E6%88%90%E3%83%87%E3%82%A4%E3%82%B8%E3%83%BC-d-a-mix/1016336570?i=1016336584,
DUGOUT ACCIDENT,11,シャンデリア・ワルツ,65,65,1,2015/07/22,♪,https://www.youtube.com/watch?v=TJZH4dofY-8,https://www.youtube.com/watch?v=ruwn5TqX87s,https://open.spotify.com/track/0fOq8IETOgXteHpm0sMMNq,https://music.apple.com/jp/album/%E3%82%B7%E3%83%A3%E3%83%B3%E3%83%87%E3%83%AA%E3%82%A2-%E3%83%AF%E3%83%AB%E3%83%84/1476041503?i=1476041537,https://music.apple.com/jp/album/%E3%82%B7%E3%83%A3%E3%83%B3%E3%83%87%E3%83%AA%E3%82%A2-%E3%83%AF%E3%83%AB%E3%83%84/1476041503?i=1476041537,
DUGOUT ACCIDENT,12,場違いハミングバード（D.A mix）,95,44,,2015/07/22,♪,https://www.youtube.com/watch?v=R-2ZA2MS7Yw,,https://open.spotify.com/track/3fS9dpr9PhIx4cGelrlaQl,https://music.apple.com/jp/album/%E5%A0%B4%E9%81%95%E3%81%84%E3%83%8F%E3%83%9F%E3%83%B3%E3%82%B0%E3%83%90%E3%83%BC%E3%83%89-d-a-mix/1016336570?i=1016336646,https://music.apple.com/jp/album/%E5%A0%B4%E9%81%95%E3%81%84%E3%83%8F%E3%83%9F%E3%83%B3%E3%82%B0%E3%83%90%E3%83%BC%E3%83%89-d-a-mix/1016336570?i=1016336646,
DUGOUT ACCIDENT,13,箱庭ロック・ショー（D.A style）,96,14,,2015/07/22,♪,https://www.youtube.com/watch?v=m1vDia2aSFE,,https://open.spotify.com/track/089OV4ewKgjWZYSmXq0ZMF,https://music.apple.com/jp/album/%E7%AE%B1%E5%BA%AD%E3%83%AD%E3%83%83%E3%82%AF-%E3%82%B7%E3%83%A7%E3%83%BC-d-a-style/1016336570?i=1016336647,https://music.apple.com/jp/album/%E7%AE%B1%E5%BA%AD%E3%83%AD%E3%83%83%E3%82%AF-%E3%82%B7%E3%83%A7%E3%83%BC-d-a-style/1016336570?i=1016336647,
DUGOUT ACCIDENT,14,クローバー（D.A mix）,97,15,,2015/07/22,♪,https://www.youtube.com/watch?v=qIa_qjkOyuw,,https://open.spotify.com/track/2Yh6S9FecdKx4inmBGJ2Zj,https://music.apple.com/jp/album/%E3%82%AF%E3%83%AD%E3%83%BC%E3%83%90%E3%83%BC-d-a-mix/1016336570?i=1016336648,https://music.apple.com/jp/album/%E3%82%AF%E3%83%AD%E3%83%BC%E3%83%90%E3%83%BC-d-a-mix/1016336570?i=1016336648,D.A mix
DUGOUT ACCIDENT,15,プログラムcontinued,98,98,,2015/07/22,♪,https://www.youtube.com/watch?v=mLYeKzbLn0I,,https://open.spotify.com/track/5iwFZriNHNlyIuyZk5Ounh,https://music.apple.com/jp/album/%E3%83%97%E3%83%AD%E3%82%B0%E3%83%A9%E3%83%A0continued-15th-style/1471093264?i=1471093356,https://music.apple.com/jp/album/%E3%83%97%E3%83%AD%E3%82%B0%E3%83%A9%E3%83%A0continued-15th-style/1471093264?i=1471093356,
DUGOUT ACCIDENT,16,さわれない歌,52,52,1,2015/07/22,♪,https://www.youtube.com/watch?v=-JrT6INV3fc,,https://open.spotify.com/track/4E6VpEnKgXIi0sFHYFEUtZ,https://music.apple.com/jp/album/%E3%81%95%E3%82%8F%E3%82%8C%E3%81%AA%E3%81%84%E6%AD%8C/1016336570?i=1016336650,https://music.apple.com/jp/album/%E3%81%95%E3%82%8F%E3%82%8C%E3%81%AA%E3%81%84%E6%AD%8C/1471093264?i=1471093276,
Dr.Izzy,1,エアリアルエイリアン,100,100,,2016/07/06,♪,https://www.youtube.com/watch?v=huaMkKqyERw,,https://open.spotify.com/track/6isLzwny8GICuIfSdqTIt9,https://music.apple.com/jp/album/%E3%82%A8%E3%82%A2%E3%83%AA%E3%82%A2%E3%83%AB%E3%82%A8%E3%82%A4%E3%83%AA%E3%82%A2%E3%83%B3/1128654606?i=1128654722,https://music.apple.com/jp/album/%E3%82%A8%E3%82%A2%E3%83%AA%E3%82%A2%E3%83%AB%E3%82%A8%E3%82%A4%E3%83%AA%E3%82%A2%E3%83%B3/1128654606?i=1128654722,
Dr.Izzy,2,アトラクションがはじまる（they call it “NO.6”）,101,101,,2016/07/06,MV,https://www.youtube.com/watch?v=w7x0_xXm3Qc,https://www.youtube.com/watch?v=Ky67uL397js,https://open.spotify.com/track/6rXxRsIMIqdUmdaKZxa35j,https://music.apple.com/jp/album/%E3%82%A2%E3%83%88%E3%83%A9%E3%82%AF%E3%82%B7%E3%83%A7%E3%83%B3%E3%81%8C%E3%81%AF%E3%81%98%E3%81%BE%E3%82%8B-they-call-it-no-6/1128654606?i=1128654723,https://music.apple.com/jp/album/%E3%82%A2%E3%83%88%E3%83%A9%E3%82%AF%E3%82%B7%E3%83%A7%E3%83%B3%E3%81%8C%E3%81%AF%E3%81%98%E3%81%BE%E3%82%8B-they-call-it-no-6/1128654606?i=1128654723,
Dr.Izzy,3,シュガーソングとビターステップ,83,83,1,2016/07/06,MV,https://www.youtube.com/watch?v=JpCyeo_kNA0,,https://open.spotify.com/track/6bfjEGSR7DyC8MK8cp3ZCp,https://music.apple.com/jp/album/%E3%82%B7%E3%83%A5%E3%82%AC%E3%83%BC%E3%82%BD%E3%83%B3%E3%82%B0%E3%81%A8%E3%83%93%E3%82%BF%E3%83%BC%E3%82%B9%E3%83%86%E3%83%83%E3%83%97/1128654606?i=1128654728,https://music.apple.com/jp/album/%E3%82%B7%E3%83%A5%E3%82%AC%E3%83%BC%E3%82%BD%E3%83%B3%E3%82%B0%E3%81%A8%E3%83%93%E3%82%BF%E3%83%BC%E3%82%B9%E3%83%86%E3%83%83%E3%83%97/993140033?i=993140034,
Dr.Izzy,4,"マイノリティ・リポート（darling, I love you）",102,102,,2016/07/06,♪,https://www.youtube.com/watch?v=7FaIQMEVYDE,,https://open.spotify.com/track/5XwQGXfBSDbUTjRyjl1Sla,https://music.apple.com/jp/album/%E3%83%9E%E3%82%A4%E3%83%8E%E3%83%AA%E3%83%86%E3%82%A3-%E3%83%AA%E3%83%9D%E3%83%BC%E3%83%88-darling-i-love-you/1128654606?i=1128654729,https://music.apple.com/jp/album/%E3%83%9E%E3%82%A4%E3%83%8E%E3%83%AA%E3%83%86%E3%82%A3-%E3%83%AA%E3%83%9D%E3%83%BC%E3%83%88-darling-i-love-you/1128654606?i=1128654729,
Dr.Izzy,5,オトノバ中間試験,103,103,,2016/07/06,♪,https://www.youtube.com/watch?v=EOMq14iwvLs,,https://open.spotify.com/track/5nxYL6AXPIok5Td6jLRRlJ,https://music.apple.com/jp/album/%E3%82%AA%E3%83%88%E3%83%8E%E3%83%90%E4%B8%AD%E9%96%93%E8%A9%A6%E9%A8%93/1128654606?i=1128654730,https://music.apple.com/jp/album/%E3%82%AA%E3%83%88%E3%83%8E%E3%83%90%E4%B8%AD%E9%96%93%E8%A9%A6%E9%A8%93/1128654606?i=1128654730,
Dr.Izzy,6,"マジョリティ・リポート（darling, I love you）",104,104,,2016/07/06,♪,https://www.youtube.com/watch?v=TIevJaR04Qc,,https://open.spotify.com/track/4zXbI0HuAPp7ppOetJCKUT,https://music.apple.com/jp/album/%E3%83%9E%E3%82%B8%E3%83%A7%E3%83%AA%E3%83%86%E3%82%A3-%E3%83%AA%E3%83%9D%E3%83%BC%E3%83%88-darling-i-love-you/1128654606?i=1128654731,https://music.apple.com/jp/album/%E3%83%9E%E3%82%B8%E3%83%A7%E3%83%AA%E3%83%86%E3%82%A3-%E3%83%AA%E3%83%9D%E3%83%BC%E3%83%88-darling-i-love-you/1128654606?i=1128654731,
Dr.Izzy,7,BUSTER DICE MISERY,105,105,,2016/07/06,♪,https://www.youtube.com/watch?v=qzspB4mWxUk,,https://open.spotify.com/track/6o0HGTE3EjQlZUlaEjybNH,https://music.apple.com/jp/album/buster-dice-misery/1128654606?i=1128654732,https://music.apple.com/jp/album/buster-dice-misery/1128654606?i=1128654732,
Dr.Izzy,8,パンデミックサドンデス,106,106,,2016/07/06,♪,https://www.youtube.com/watch?v=UskIzcitIGw,,https://open.spotify.com/track/3OTaB74SN4Km2oF5Gt4KE1,https://music.apple.com/jp/album/%E3%83%91%E3%83%B3%E3%83%87%E3%83%9F%E3%83%83%E3%82%AF%E3%82%B5%E3%83%89%E3%83%B3%E3%83%87%E3%82%B9/1128654606?i=1128654733,https://music.apple.com/jp/album/%E3%83%91%E3%83%B3%E3%83%87%E3%83%9F%E3%83%83%E3%82%AF%E3%82%B5%E3%83%89%E3%83%B3%E3%83%87%E3%82%B9/1128654606?i=1128654733,
Dr.Izzy,9,8月、昼中の流れ星と飛行機雲,107,107,,2016/07/06,♪,https://www.youtube.com/watch?v=Ohwy4CYaBCQ,,https://open.spotify.com/track/6x3BWYTKvA7RDYNMthiVZK,https://music.apple.com/jp/album/8%E6%9C%88-%E6%98%BC%E4%B8%AD%E3%81%AE%E6%B5%81%E3%82%8C%E6%98%9F%E3%81%A8%E9%A3%9B%E8%A1%8C%E6%A9%9F%E9%9B%B2/1128654606?i=1128654734,https://music.apple.com/jp/album/8%E6%9C%88-%E6%98%BC%E4%B8%AD%E3%81%AE%E6%B5%81%E3%82%8C%E6%98%9F%E3%81%A8%E9%A3%9B%E8%A1%8C%E6%A9%9F%E9%9B%B2/1128654606?i=1128654734,
Dr.Izzy,10,フライデイノベルス,108,108,,2016/07/06,♪,https://www.youtube.com/watch?v=M8cDER19PNc,,https://open.spotify.com/track/76sl1YklCJYlVNsOJEKKQt,https://music.apple.com/jp/album/%E3%83%95%E3%83%A9%E3%82%A4%E3%83%87%E3%82%A4%E3%83%8E%E3%83%99%E3%83%AB%E3%82%B9/1128654606?i=1128654735,https://music.apple.com/jp/album/%E3%83%95%E3%83%A9%E3%82%A4%E3%83%87%E3%82%A4%E3%83%8E%E3%83%99%E3%83%AB%E3%82%B9/1128654606?i=1128654735,
Dr.Izzy,11,mix juiceのいうとおり,109,109,,2016/07/06,MV,https://www.youtube.com/watch?v=MnOpUI6p6Jk,https://www.youtube.com/watch?v=VKLkeOmxim4,https://open.spotify.com/track/5VdrYyn9wFGnYAAVpM9bNi,https://music.apple.com/jp/album/mix-juice%E3%81%AE%E3%81%84%E3%81%86%E3%81%A8%E3%81%8A%E3%82%8A/1128654606?i=1128654736,https://music.apple.com/jp/album/mix-juice%E3%81%AE%E3%81%84%E3%81%86%E3%81%A8%E3%81%8A%E3%82%8A/1128654606?i=1128654736,
Dr.Izzy,12,Cheap Cheap Endroll,110,110,,2016/07/06,♪,https://www.youtube.com/watch?v=EJyaQ4GTZpc,,https://open.spotify.com/track/5PjrZoDfBXmMN0RDpdYuAp,https://music.apple.com/jp/album/cheap-cheap-endroll/1128654606?i=1128654737,https://music.apple.com/jp/album/cheap-cheap-endroll/1128654606?i=1128654737,
"10% roll, 10% romance",1,"10% roll, 10% romance",111,111,,2017/08/09,MV,https://www.youtube.com/watch?v=4yQN8Dt0nWQ,https://www.youtube.com/watch?v=K2CU5pwqQy8,https://open.spotify.com/track/28qFJh4a5a8sh96JkIFY8q,https://music.apple.com/jp/album/10-roll-10-romance/1339044581?i=1339044729,https://music.apple.com/jp/album/10-roll-10-romance-%E3%82%A2%E3%83%8B%E3%83%A1-%E3%83%9C%E3%83%BC%E3%83%AB%E3%83%AB%E3%83%BC%E3%83%A0%E3%81%B8%E3%82%88%E3%81%86%E3%81%93%E3%81%9D-%E3%82%88%E3%82%8A-originally-performed/1281389670?i=1281389673,
"10% roll, 10% romance",2,RUNNERS HIGH REPRISE,112,112,,2017/08/09,,,,,,https://music.apple.com/jp/album/runners-high-reprise/1471093264?i=1471093346,
"10% roll, 10% romance",3,flat song,113,113,,2017/08/09,,,,,,https://music.apple.com/jp/album/flat-song/1471093264?i=1471093347,
Invisible Sensation,1,Invisible Sensation,114,114,,2017/11/08,MV,https://www.youtube.com/watch?v=zQi4988_7Qo,,https://open.spotify.com/track/2bQ4E3XRBLBnJMd8iSm59b,https://music.apple.com/jp/album/invisible-sensation/1339044581?i=1339044727,https://music.apple.com/jp/album/invisible-sensation/1304973334?i=1304973654,
Invisible Sensation,2,スノウループ,115,115,,2017/11/08,,,,,,https://music.apple.com/jp/album/%E3%82%B9%E3%83%8E%E3%82%A6%E3%83%AB%E3%83%BC%E3%83%97/1471093264?i=1471093348,
Invisible Sensation,3,サンタクロースは渋滞中,116,116,,2017/11/08,,,,,,https://music.apple.com/jp/album/%E3%82%B5%E3%83%B3%E3%82%BF%E3%82%AF%E3%83%AD%E3%83%BC%E3%82%B9%E3%81%AF%E6%B8%8B%E6%BB%9E%E4%B8%AD/1471093264?i=1471093349,
fake town baby,1,fake town baby,117,117,,2017/11/15,MV,https://www.youtube.com/watch?v=9AGMvhn__XU,,https://open.spotify.com/track/69U2Iv4hyQi3cGCEJ8LM0H,https://music.apple.com/jp/album/fake-town-baby/1339044581?i=1339044722,https://music.apple.com/jp/album/fake-town-baby/1304978420?i=1304978423,
fake town baby,2,リトルタイムストップ,118,118,,2017/11/15,,,,,,https://music.apple.com/jp/album/%E3%83%AA%E3%83%88%E3%83%AB%E3%82%BF%E3%82%A4%E3%83%A0%E3%82%B9%E3%83%88%E3%83%83%E3%83%97/1471093264?i=1471093350,
fake town baby,3,きみはいい子,119,119,,2017/11/15,,,,,,https://music.apple.com/jp/album/%E3%81%8D%E3%81%BF%E3%81%AF%E3%81%84%E3%81%84%E5%AD%90/1471093264?i=1471093351,
MODE MOOD MODE,1,OwnCivilization (nano-mile met),120,120,,2018/01/24,♪,https://www.youtube.com/watch?v=4gzBS7avfNg,,,https://music.apple.com/jp/album/own-civilization-nano-mile-met/1339044581?i=1339044719,https://music.apple.com/jp/album/own-civilization-nano-mile-met/1339044581?i=1339044719,
MODE MOOD MODE,2,Dizzy Trickster,121,121,,2018/01/24,♪,https://www.youtube.com/watch?v=ED3mOp85K3U,https://www.youtube.com/watch?v=9zluQwPBMWM,https://open.spotify.com/track/6ARFjvAcg1zqxcVtHI5tZy,https://music.apple.com/jp/album/dizzy-trickster/1339044581?i=1339044720,https://music.apple.com/jp/album/dizzy-trickster/1339044581?i=1339044720,
MODE MOOD MODE,3,オーケストラを観にいこう,122,122,,2018/01/24,♪,https://www.youtube.com/watch?v=-UFDSHNtNRo,,https://open.spotify.com/track/3TA5gzW0KWpowkuJ934nqo,https://music.apple.com/jp/album/%E3%82%AA%E3%83%BC%E3%82%B1%E3%82%B9%E3%83%88%E3%83%A9%E3%82%92%E8%A6%B3%E3%81%AB%E3%81%84%E3%81%93%E3%81%86/1339044581?i=1339044721,https://music.apple.com/jp/album/%E3%82%AA%E3%83%BC%E3%82%B1%E3%82%B9%E3%83%88%E3%83%A9%E3%82%92%E8%A6%B3%E3%81%AB%E3%81%84%E3%81%93%E3%81%86/1339044581?i=1339044721,
MODE MOOD MODE,4,fake town baby,117,117,1,2018/01/24,MV,https://www.youtube.com/watch?v=9AGMvhn__XU,,https://open.spotify.com/track/69U2Iv4hyQi3cGCEJ8LM0H,https://music.apple.com/jp/album/fake-town-baby/1339044581?i=1339044722,https://music.apple.com/jp/album/fake-town-baby/1304978420?i=1304978423,
MODE MOOD MODE,5,静謐甘美秋暮抒情,123,123,,2018/01/24,♪,https://www.youtube.com/watch?v=kuuAtRMZGd4,,https://open.spotify.com/track/5hFro351wW9rRBU4DZiSIs,https://music.apple.com/jp/album/%E9%9D%99%E8%AC%90%E7%94%98%E7%BE%8E%E7%A7%8B%E6%9A%AE%E6%8A%92%E6%83%85/1339044581?i=1339044723,https://music.apple.com/jp/album/%E9%9D%99%E8%AC%90%E7%94%98%E7%BE%8E%E7%A7%8B%E6%9A%AE%E6%8A%92%E6%83%85/1339044581?i=1339044723,
MODE MOOD MODE,6,Silent Libre Mirage,124,124,,2018/01/24,♪,https://www.youtube.com/watch?v=s-3LjElKl_M,https://www.youtube.com/watch?v=nPKl93s2o1M,https://open.spotify.com/track/7iRhjeX954hj3wSyfCV6Og,https://music.apple.com/jp/album/silent-libre-mirage/1198102015?i=1198102017,https://music.apple.com/jp/album/silent-libre-mirage/1198102015?i=1198102017,
MODE MOOD MODE,7,MIDNIGHT JUNGLE,125,125,,2018/01/24,♪,https://www.youtube.com/watch?v=h6nnzD_RWq8,,https://open.spotify.com/track/7sMYLyMApHngtUjAGgFtTD,https://music.apple.com/jp/album/midnight-jungle/1339044581?i=1339044725,https://music.apple.com/jp/album/midnight-jungle/1339044581?i=1339044725,
MODE MOOD MODE,8,フィクションフリーククライシス,126,126,,2018/01/24,♪,https://www.youtube.com/watch?v=6ZG6wmiN9z4,,https://open.spotify.com/track/6JVhKqqnBsRwTVgPgtVzLE,https://music.apple.com/jp/album/%E3%83%95%E3%82%A3%E3%82%AF%E3%82%B7%E3%83%A7%E3%83%B3%E3%83%95%E3%83%AA%E3%83%BC%E3%82%AF%E3%82%AF%E3%83%A9%E3%82%A4%E3%82%B7%E3%82%B9/1339044581?i=1339044726,https://music.apple.com/jp/album/%E3%83%95%E3%82%A3%E3%82%AF%E3%82%B7%E3%83%A7%E3%83%B3%E3%83%95%E3%83%AA%E3%83%BC%E3%82%AF%E3%82%AF%E3%83%A9%E3%82%A4%E3%82%B7%E3%82%B9/1339044581?i=1339044726,
MODE MOOD MODE,9,Invisible Sensation,114,114,1,2018/01/24,MV,https://www.youtube.com/watch?v=zQi4988_7Qo,,https://open.spotify.com/track/2bQ4E3XRBLBnJMd8iSm59b,https://music.apple.com/jp/album/invisible-sensation/1339044581?i=1339044727,https://music.apple.com/jp/album/invisible-sensation/1304973334?i=1304973654,
MODE MOOD MODE,10,夢が覚めたら(at that river),127,127,,2018/01/24,♪,https://www.youtube.com/watch?v=QApAkmpDwTs,,https://open.spotify.com/track/7drM5HwTqNagGhn6QbZxEs,https://music.apple.com/jp/album/%E5%A4%A2%E3%81%8C%E8%A6%9A%E3%82%81%E3%81%9F%E3%82%89-at-that-river/1339044581?i=1339044728,https://music.apple.com/jp/album/%E5%A4%A2%E3%81%8C%E8%A6%9A%E3%82%81%E3%81%9F%E3%82%89-at-that-river/1339044581?i=1339044728,
MODE MOOD MODE,11,"10% roll, 10% romance",111,111,1,2018/01/24,MV,https://www.youtube.com/watch?v=4yQN8Dt0nWQ,https://www.youtube.com/watch?v=K2CU5pwqQy8,https://open.spotify.com/track/28qFJh4a5a8sh96JkIFY8q,https://music.apple.com/jp/album/10-roll-10-romance/1339044581?i=1339044729,https://music.apple.com/jp/album/10-roll-10-romance-%E3%82%A2%E3%83%8B%E3%83%A1-%E3%83%9C%E3%83%BC%E3%83%AB%E3%83%AB%E3%83%BC%E3%83%A0%E3%81%B8%E3%82%88%E3%81%86%E3%81%93%E3%81%9D-%E3%82%88%E3%82%8A-originally-performed/1281389670?i=1281389673,
MODE MOOD MODE,12,君の瞳に恋してない,128,128,,2018/01/24,MV,https://www.youtube.com/watch?v=OnM6tu5I0uI,https://www.youtube.com/watch?v=K2CU5pwqQy8,https://open.spotify.com/track/5pOkBPwiJmEsaubkCyAsne,https://music.apple.com/jp/album/%E5%90%9B%E3%81%AE%E7%9E%B3%E3%81%AB%E6%81%8B%E3%81%97%E3%81%A6%E3%81%AA%E3%81%84/1339044581?i=1339044730,https://music.apple.com/jp/album/%E5%90%9B%E3%81%AE%E7%9E%B3%E3%81%AB%E6%81%8B%E3%81%97%E3%81%A6%E3%81%AA%E3%81%84/1339044581?i=1339044730,
春が来てぼくら,1,春が来てぼくら,129,129,,2018/03/07,MV,https://www.youtube.com/watch?v=vrd95QQe6Gc,https://www.youtube.com/watch?v=rEpXhN89wIM,https://open.spotify.com/track/1hbTYIALy6ZKUraynVquOk,https://music.apple.com/jp/album/%E6%98%A5%E3%81%8C%E6%9D%A5%E3%81%A6%E3%81%BC%E3%81%8F%E3%82%89/1531418208?i=1531418218,https://music.apple.com/jp/album/%E6%98%A5%E3%81%8C%E6%9D%A5%E3%81%A6%E3%81%BC%E3%81%8F%E3%82%89/1354852402?i=1354852404,
春が来てぼくら,2,ラディアルナイトチェイサー,130,130,,2018/03/07,♪,https://www.youtube.com/watch?v=OjJJjqkDkb4,https://www.youtube.com/watch?v=OjJJjqkDkb4,,,https://music.apple.com/jp/album/%E3%83%A9%E3%83%87%E3%82%A3%E3%82%A2%E3%83%AB%E3%83%8A%E3%82%A4%E3%83%88%E3%83%81%E3%82%A7%E3%82%A4%E3%82%B5%E3%83%BC/1471093264?i=1471093352,
春が来てぼくら,3,Micro Paradiso!,131,131,,2018/03/07,♪,https://www.youtube.com/watch?v=SBe4mPXXMOo,https://www.youtube.com/watch?v=SBe4mPXXMOo,,,https://music.apple.com/jp/album/micro-paradiso/1471093264?i=1471093353,
"Catch up, latency",1,"Catch up, latency",132,132,,2018/11/07,MV,https://www.youtube.com/watch?v=an6sDPGRCyg,,https://open.spotify.com/track/1OS3kgxIBgYqkCfUCkfakM,https://music.apple.com/jp/album/catch-up-latency/1531418208?i=1531418212,https://music.apple.com/jp/album/catch-up-latency/1440580724?i=1440580725,
"Catch up, latency",2,たらればわたがし,133,133,,2018/11/07,,,,,,https://music.apple.com/jp/album/%E3%81%9F%E3%82%89%E3%82%8C%E3%81%B0%E3%82%8F%E3%81%9F%E3%81%8C%E3%81%97/1471093264?i=1471093354,
"Catch up, latency",3,ここで会ったがけもの道,134,134,,2018/11/07,,,,,,https://music.apple.com/jp/album/%E3%81%93%E3%81%93%E3%81%A7%E4%BC%9A%E3%81%A3%E3%81%9F%E3%81%8C%E3%81%91%E3%82%82%E3%81%AE%E9%81%93/1471093264?i=1471093355,
Bee side Sea side ～B-side Collection Album～,1,5分後のスターダスト (B.C style),143,2,,2019/07/03,,,,,,https://music.apple.com/jp/album/5%E5%88%86%E5%BE%8C%E3%81%AE%E3%82%B9%E3%82%BF%E3%83%BC%E3%83%80%E3%82%B9%E3%83%88-b-c-style/1471093264?i=1471093265,
Bee side Sea side ～B-side Collection Album～,2,ガリレオのショーケース（D.A style）,89,3,1,2019/07/03,♪,https://www.youtube.com/watch?v=UXWp5BqsEQM,,https://open.spotify.com/track/75s2DIRY0jFfkJRI0VwIVJ,,https://music.apple.com/jp/album/%E3%82%AC%E3%83%AA%E3%83%AC%E3%82%AA%E3%81%AE%E3%82%B7%E3%83%A7%E3%83%BC%E3%82%B1%E3%83%BC%E3%82%B9-d-a-style/1471093264?i=1471093266,
Bee side Sea side ～B-side Collection Album～,3,一人思うは雨の中 (B.C mix),144,5,,2019/07/03,,,,,,https://music.apple.com/jp/album/%E4%B8%80%E4%BA%BA%E6%80%9D%E3%81%86%E3%81%AF%E9%9B%A8%E3%81%AE%E4%B8%AD-b-c-mix/1471093264?i=1471093267,
Bee side Sea side ～B-side Collection Album～,4,スノウリバース (B.C style),145,6,,2019/07/03,,,,,,https://music.apple.com/jp/album/%E3%82%B9%E3%83%8E%E3%82%A6%E3%83%AA%E3%83%90%E3%83%BC%E3%82%B9-b-c-style/1471093264?i=1471093268,
Bee side Sea side ～B-side Collection Album～,5,ギャクテンサヨナラ (B.C style),146,17,,2019/07/03,,,,,,https://music.apple.com/jp/album/%E3%82%AE%E3%83%A3%E3%82%AF%E3%83%86%E3%83%B3%E3%82%B5%E3%83%A8%E3%83%8A%E3%83%A9-b-c-style/1471093264?i=1471093269,
Bee side Sea side ～B-side Collection Album～,6,空の飛び方 (B.C mix),147,18,,2019/07/03,,,,,,https://music.apple.com/jp/album/%E7%A9%BA%E3%81%AE%E9%A3%9B%E3%81%B3%E6%96%B9-b-c-mix/1471093264?i=1471093270,
Bee side Sea side ～B-side Collection Album～,7,僕は君になりたい (B.C mix),148,34,,2019/07/03,,,,,,https://music.apple.com/jp/album/%E5%83%95%E3%81%AF%E5%90%9B%E3%81%AB%E3%81%AA%E3%82%8A%E3%81%9F%E3%81%84-b-c-mix/1471093264?i=1471093271,
Bee side Sea side ～B-side Collection Album～,8,UNOストーリー (B.C mix),149,35,,2019/07/03,,,,,,https://music.apple.com/jp/album/uno%E3%82%B9%E3%83%88%E3%83%BC%E3%83%AA%E3%83%BC-b-c-mix/1471093264?i=1471093272,
Bee side Sea side ～B-side Collection Album～,9,over driver (B.C mix),150,36,,2019/07/03,,,,,,https://music.apple.com/jp/album/over-driver-b-c-mix/1471093264?i=1471093273,
Bee side Sea side ～B-side Collection Album～,10,さよならサマータイムマシン (B.C mix),151,48,,2019/07/03,,,,,,https://music.apple.com/jp/album/%E3%81%95%E3%82%88%E3%81%AA%E3%82%89%E3%82%B5%E3%83%9E%E3%83%BC%E3%82%BF%E3%82%A4%E3%83%A0%E3%83%9E%E3%82%B7%E3%83%B3-b-c-mix/1471093264?i=1471093274,
Bee side Sea side ～B-side Collection Album～,11,誰かが忘れているかもしれない僕らに大事な001のこと（D.A mix）,93,49,1,2019/07/03,♪,https://www.youtube.com/watch?v=Of7KC-WQcpE,,https://open.spotify.com/track/4lsr2reyebKMrEI6MygShD,https://music.apple.com/jp/album/%E8%AA%B0%E3%81%8B%E3%81%8C%E5%BF%98%E3%82%8C%E3%81%A6%E3%81%84%E3%82%8B%E3%81%8B%E3%82%82%E3%81%97%E3%82%8C%E3%81%AA%E3%81%84%E5%83%95%E3%82%89%E3%81%AB%E5%A4%A7%E4%BA%8B%E3%81%AA001%E3%81%AE%E3%81%93%E3%81%A8-d-a-mix/1016336570?i=1016336581,https://music.apple.com/jp/album/%E8%AA%B0%E3%81%8B%E3%81%8C%E5%BF%98%E3%82%8C%E3%81%A6%E3%81%84%E3%82%8B%E3%81%8B%E3%82%82%E3%81%97%E3%82%8C%E3%81%AA%E3%81%84%E5%83%95%E3%82%89%E3%81%AB%E5%A4%A7%E4%BA%8B%E3%81%AA001%E3%81%AE%E3%81%93%E3%81%A8-d-a-mix/1016336570?i=1016336581,D.A mix
Bee side Sea side ～B-side Collection Album～,12,さわれない歌,52,52,1,2019/07/03,♪,https://www.youtube.com/watch?v=-JrT6INV3fc,,https://open.spotify.com/track/4E6VpEnKgXIi0sFHYFEUtZ,https://music.apple.com/jp/album/%E3%81%95%E3%82%8F%E3%82%8C%E3%81%AA%E3%81%84%E6%AD%8C/1016336570?i=1016336650,https://music.apple.com/jp/album/%E3%81%95%E3%82%8F%E3%82%8C%E3%81%AA%E3%81%84%E6%AD%8C/1471093264?i=1471093276,
Bee side Sea side ～B-side Collection Album～,13,三日月の夜の真ん中 (B.C mix),152,53,,2019/07/03,,,,,,https://music.apple.com/jp/album/%E4%B8%89%E6%97%A5%E6%9C%88%E3%81%AE%E5%A4%9C%E3%81%AE%E7%9C%9F%E3%82%93%E4%B8%AD-b-c-mix/1471093264?i=1471093277,
Bee side Sea side ～B-side Collection Album～,14,ラブソングは突然に ~What is the name of that mystery?~,54,54,1,2019/07/03,,,https://www.youtube.com/watch?v=wnYttk2Jt3E,,,https://music.apple.com/jp/album/%E3%83%A9%E3%83%96%E3%82%BD%E3%83%B3%E3%82%B0%E3%81%AF%E7%AA%81%E7%84%B6%E3%81%AB-what-is-the-name-of-that-mystery/1471093264?i=1471093278,
Bee side Sea side ～B-side Collection Album～,15,ノンフィクションコンパス (B.C mix),153,67,,2019/07/03,,,,,,https://music.apple.com/jp/album/%E3%83%8E%E3%83%B3%E3%83%95%E3%82%A3%E3%82%AF%E3%82%B7%E3%83%A7%E3%83%B3%E3%82%B3%E3%83%B3%E3%83%91%E3%82%B9-b-c-mix/1471093264?i=1471093279,B.C mix
Bee side Sea side ～B-side Collection Album～,16,セク × カラ × シソンズール,68,68,1,2019/07/03,,,,,,https://music.apple.com/jp/album/%E3%82%BB%E3%82%AF-%E3%82%AB%E3%83%A9-%E3%82%B7%E3%82%BD%E3%83%B3%E3%82%BA%E3%83%BC%E3%83%AB/1471093264?i=1471093280,
Bee side Sea side ～B-side Collection Album～,17,ピストルギャラクシー,70,70,1,2019/07/03,,,https://www.youtube.com/watch?v=ysESQ1Ci110,,,https://music.apple.com/jp/album/%E3%83%94%E3%82%B9%E3%83%88%E3%83%AB%E3%82%AE%E3%83%A3%E3%83%A9%E3%82%AF%E3%82%B7%E3%83%BC/1471093264?i=1471093281,
Bee side Sea side ～B-side Collection Album～,18,三月物語,71,71,1,2019/07/03,,,,,,https://music.apple.com/jp/album/%E4%B8%89%E6%9C%88%E7%89%A9%E8%AA%9E/1471093264?i=1471093282,
Bee side Sea side ～B-side Collection Album～,19,I wanna believe、夜を行く (B.C mix),154,72,,2019/07/03,,,,,,https://music.apple.com/jp/album/i-wanna-believe-%E5%A4%9C%E3%82%92%E8%A1%8C%E3%81%8F-b-c-mix/1471093264?i=1471093283,
Bee side Sea side ～B-side Collection Album～,20,シグナルABC,84,84,1,2019/07/03,,,,,,https://music.apple.com/jp/album/%E3%82%B7%E3%82%B0%E3%83%8A%E3%83%ABabc/993140033?i=993140035,
Bee side Sea side ～B-side Collection Album～,21,東京シナリオ,85,85,1,2019/07/03,,,,,,https://music.apple.com/jp/album/%E6%9D%B1%E4%BA%AC%E3%82%B7%E3%83%8A%E3%83%AA%E3%82%AA/1471093264?i=1471093285,
Bee side Sea side ～B-side Collection Album～,22,RUNNERS HIGH REPRISE,112,112,1,2019/07/03,,,,,,https://music.apple.com/jp/album/runners-high-reprise/1471093264?i=1471093346,
Bee side Sea side ～B-side Collection Album～,23,flat song,113,113,1,2019/07/03,,,,,,https://music.apple.com/jp/album/flat-song/1471093264?i=1471093347,
Bee side Sea side ～B-side Collection Album～,24,スノウループ,115,115,1,2019/07/03,,,,,,https://music.apple.com/jp/album/%E3%82%B9%E3%83%8E%E3%82%A6%E3%83%AB%E3%83%BC%E3%83%97/1471093264?i=1471093348,
Bee side Sea side ～B-side Collection Album～,25,サンタクロースは渋滞中,116,116,1,2019/07/03,,,,,,https://music.apple.com/jp/album/%E3%82%B5%E3%83%B3%E3%82%BF%E3%82%AF%E3%83%AD%E3%83%BC%E3%82%B9%E3%81%AF%E6%B8%8B%E6%BB%9E%E4%B8%AD/1471093264?i=1471093349,
Bee side Sea side ～B-side Collection Album～,26,リトルタイムストップ,118,118,1,2019/07/03,,,,,,https://music.apple.com/jp/album/%E3%83%AA%E3%83%88%E3%83%AB%E3%82%BF%E3%82%A4%E3%83%A0%E3%82%B9%E3%83%88%E3%83%83%E3%83%97/1471093264?i=1471093350,
Bee side Sea side ～B-side Collection Album～,27,きみはいい子,119,119,1,2019/07/03,,,,,,https://music.apple.com/jp/album/%E3%81%8D%E3%81%BF%E3%81%AF%E3%81%84%E3%81%84%E5%AD%90/1471093264?i=1471093351,
Bee side Sea side ～B-side Collection Album～,28,ラディアルナイトチェイサー,130,130,1,2019/07/03,♪,https://www.youtube.com/watch?v=OjJJjqkDkb4,https://www.youtube.com/watch?v=OjJJjqkDkb4,,,https://music.apple.com/jp/album/%E3%83%A9%E3%83%87%E3%82%A3%E3%82%A2%E3%83%AB%E3%83%8A%E3%82%A4%E3%83%88%E3%83%81%E3%82%A7%E3%82%A4%E3%82%B5%E3%83%BC/1471093264?i=1471093352,
Bee side Sea side ～B-side Collection Album～,29,Micro Paradiso!,131,131,1,2019/07/03,♪,https://www.youtube.com/watch?v=SBe4mPXXMOo,https://www.youtube.com/watch?v=SBe4mPXXMOo,,,https://music.apple.com/jp/album/micro-paradiso/1471093264?i=1471093353,
Bee side Sea side ～B-side Collection Album～,30,たらればわたがし,133,133,1,2019/07/03,,,,,,https://music.apple.com/jp/album/%E3%81%9F%E3%82%89%E3%82%8C%E3%81%B0%E3%82%8F%E3%81%9F%E3%81%8C%E3%81%97/1471093264?i=1471093354,
Bee side Sea side ～B-side Collection Album～,31,ここで会ったがけもの道,134,134,1,2019/07/03,,,,,,https://music.apple.com/jp/album/%E3%81%93%E3%81%93%E3%81%A7%E4%BC%9A%E3%81%A3%E3%81%9F%E3%81%8C%E3%81%91%E3%82%82%E3%81%AE%E9%81%93/1471093264?i=1471093355,
Bee side Sea side ～B-side Collection Album～,32,プログラムcontinued (15th style),155,155,,2019/07/03,,,https://www.youtube.com/watch?v=e9mkPCO1rxk,,,https://music.apple.com/jp/album/%E3%83%97%E3%83%AD%E3%82%B0%E3%83%A9%E3%83%A0continued-15th-style/1471093264?i=1471093356,
流星前夜,1,流星前夜,135,135,,2019/07/03,,,,,,,
流星前夜,2,フルカラープログラム,50,50,1,2019/07/03,,,https://www.youtube.com/watch?v=iNtA7YgE8D8,https://open.spotify.com/track/789qMWni5aMixbI4E5bSbN,,https://music.apple.com/jp/album/%E3%83%95%E3%83%AB%E3%82%AB%E3%83%A9%E3%83%BC%E3%83%97%E3%83%AD%E3%82%B0%E3%83%A9%E3%83%A0/1476041503?i=1476041530,D.A style
流星前夜,3,水と雨について,136,136,,2019/07/03,,,,https://open.spotify.com/track/5GoTwFDeeAjamT89TvFB1T,,https://music.apple.com/jp/album/%E6%B0%B4%E3%81%A8%E9%9B%A8%E3%81%AB%E3%81%A4%E3%81%84%E3%81%A6/1712428440?i=1712428442,
流星前夜,4,2月、白昼の流れ星と飛行機雲,137,137,,2019/07/03,,,,,,,
流星前夜,5,MR. アンディ,138,138,,2019/07/03,,,https://www.youtube.com/watch?v=B009Nj-DzPU,https://open.spotify.com/track/5x3Y7IScRTij6kgWmJOCUV,,https://music.apple.com/jp/album/mr-%E3%82%A2%E3%83%B3%E3%83%87%E3%82%A3/1476041503?i=1476041513,"S.B style, party style"
流星前夜,6,流星行路,139,139,,2019/07/03,,,,,,,
新世界ノート,1,アナザーワールド,140,140,,2019/07/03,,,,,,,
新世界ノート,2,センチメンタルピリオド,1,1,1,2019/07/03,MV,https://www.youtube.com/watch?v=SjwMTno8IKc,,https://open.spotify.com/track/4f1zepqZ36gAWIQWWLIg21,https://music.apple.com/jp/album/%E3%82%BB%E3%83%B3%E3%83%81%E3%83%A1%E3%83%B3%E3%82%BF%E3%83%AB%E3%83%94%E3%83%AA%E3%82%AA%E3%83%89/310970395?i=310970402,https://music.apple.com/jp/album/%E3%82%BB%E3%83%B3%E3%83%81%E3%83%A1%E3%83%B3%E3%82%BF%E3%83%AB%E3%83%94%E3%83%AA%E3%82%AA%E3%83%89/310970395?i=310970402,S.B style
新世界ノート,3,さよなら第九惑星,32,32,1,2019/07/03,,,,,,https://music.apple.com/jp/album/%E3%81%95%E3%82%88%E3%81%AA%E3%82%89%E7%AC%AC%E4%B9%9D%E6%83%91%E6%98%9F/1476041503?i=1476041536,
新世界ノート,4,サーチライト,141,141,,2019/07/03,,,,,,,
新世界ノート,5,ライトフライト,142,142,,2019/07/03,,,,,,,
新世界ノート,6,箱庭ロック・ショー,14,14,1,2019/07/03,♪,https://www.youtube.com/watch?v=MCgoNcksoMo,,https://open.spotify.com/track/1GOwXY0yEwA8Uwal7h1JUV,https://music.apple.com/jp/album/%E7%AE%B1%E5%BA%AD%E3%83%AD%E3%83%83%E3%82%AF-%E3%82%B7%E3%83%A7%E3%83%BC/310970395?i=310970424,https://music.apple.com/jp/album/%E7%AE%B1%E5%BA%AD%E3%83%AD%E3%83%83%E3%82%AF-%E3%82%B7%E3%83%A7%E3%83%BC/310970395?i=310970424,D.A style
Phantom Joke,1,Phantom Joke,156,156,,2019/10/11,MV,https://www.youtube.com/watch?v=3KGjAw0fGX0,,https://open.spotify.com/track/7tmRSzIL7JNYnIXCLTY1zF,https://music.apple.com/jp/album/phantom-joke/1531418208?i=1531418215,https://music.apple.com/jp/album/phantom-joke/1480479449?i=1480479450,
Phantom Joke,2,ぼくたちのしっぱい,157,157,,2019/10/11,,,,,,https://music.apple.com/jp/album/%E3%81%BC%E3%81%8F%E3%81%9F%E3%81%A1%E3%81%AE%E3%81%97%E3%81%A3%E3%81%B1%E3%81%84/1480479449?i=1480479451,
Phantom Joke,3,mouth to mouse(sent you),158,158,,2019/10/11,,,,,,https://music.apple.com/jp/album/mouth-to-mouse-sent-you/1480479449?i=1480479452,
Patrick Vegee,1,Hatch I need,159,159,,2020/09/30,♪,https://www.youtube.com/watch?v=02_mSUv3v8A,,https://open.spotify.com/track/1onXbe3reEzSLvRfph6dzE,https://music.apple.com/jp/album/hatch-i-need/1531418208?i=1531418209,https://music.apple.com/jp/album/hatch-i-need/1531418208?i=1531418209,
Patrick Vegee,2,マーメイドスキャンダラス,160,160,,2020/09/30,♪,https://www.youtube.com/watch?v=ODj-0bFf_4w,,https://open.spotify.com/track/5hSUr0FTrWvhGsXlxbsmLU,https://music.apple.com/jp/album/%E3%83%9E%E3%83%BC%E3%83%A1%E3%82%A4%E3%83%89%E3%82%B9%E3%82%AD%E3%83%A3%E3%83%B3%E3%83%80%E3%83%A9%E3%82%B9/1531418208?i=1531418210,https://music.apple.com/jp/album/%E3%83%9E%E3%83%BC%E3%83%A1%E3%82%A4%E3%83%89%E3%82%B9%E3%82%AD%E3%83%A3%E3%83%B3%E3%83%80%E3%83%A9%E3%82%B9/1531418208?i=1531418210,
Patrick Vegee,3,スロウカーヴは打てない (that made me crazy),161,161,,2020/09/30,♪,https://www.youtube.com/watch?v=mAloHYu4Meg,https://www.youtube.com/watch?v=P8dgRcuCbhM,https://open.spotify.com/track/6h2qlrlBwZxhTQNivKqZ8f,https://music.apple.com/jp/album/%E3%82%B9%E3%83%AD%E3%82%A6%E3%82%AB%E3%83%BC%E3%83%B4%E3%81%AF%E6%89%93%E3%81%A6%E3%81%AA%E3%81%84-that-made-me-crazy/1531418208?i=1531418211,https://music.apple.com/jp/album/%E3%82%B9%E3%83%AD%E3%82%A6%E3%82%AB%E3%83%BC%E3%83%B4%E3%81%AF%E6%89%93%E3%81%A6%E3%81%AA%E3%81%84-that-made-me-crazy/1531418208?i=1531418211,
Patrick Vegee,4,"Catch up, latency",132,132,1,2020/09/30,MV,https://www.youtube.com/watch?v=an6sDPGRCyg,,https://open.spotify.com/track/1OS3kgxIBgYqkCfUCkfakM,https://music.apple.com/jp/album/catch-up-latency/1531418208?i=1531418212,https://music.apple.com/jp/album/catch-up-latency/1440580724?i=1440580725,
Patrick Vegee,5,摂食ビジランテ,162,162,,2020/09/30,♪,https://www.youtube.com/watch?v=rncLcu7zR14,,https://open.spotify.com/track/7HtyN9x8DGdxe80yGMdbBU,https://music.apple.com/jp/album/%E6%91%82%E9%A3%9F%E3%83%93%E3%82%B8%E3%83%A9%E3%83%B3%E3%83%86/1531418208?i=1531418213,https://music.apple.com/jp/album/%E6%91%82%E9%A3%9F%E3%83%93%E3%82%B8%E3%83%A9%E3%83%B3%E3%83%86/1531418208?i=1531418213,
Patrick Vegee,6,夏影テールライト,163,163,,2020/09/30,♪,https://www.youtube.com/watch?v=KO2y0Yr7tAY,,https://open.spotify.com/track/0ISgaf4IDF5qnJFo3v8J9w,https://music.apple.com/jp/album/%E5%A4%8F%E5%BD%B1%E3%83%86%E3%83%BC%E3%83%AB%E3%83%A9%E3%82%A4%E3%83%88/1531418208?i=1531418214,https://music.apple.com/jp/album/%E5%A4%8F%E5%BD%B1%E3%83%86%E3%83%BC%E3%83%AB%E3%83%A9%E3%82%A4%E3%83%88/1531418208?i=1531418214,
Patrick Vegee,7,Phantom Joke,156,156,1,2020/09/30,MV,https://www.youtube.com/watch?v=3KGjAw0fGX0,,https://open.spotify.com/track/7tmRSzIL7JNYnIXCLTY1zF,https://music.apple.com/jp/album/phantom-joke/1531418208?i=1531418215,https://music.apple.com/jp/album/phantom-joke/1480479449?i=1480479450,
Patrick Vegee,8,世界はファンシー,164,164,,2020/09/30,MV,https://www.youtube.com/watch?v=FHUHKIrUH6Y,https://www.youtube.com/watch?v=P8dgRcuCbhM,https://open.spotify.com/track/4pZ8zDEbWdMgKRck7cb0Dq,https://music.apple.com/jp/album/%E4%B8%96%E7%95%8C%E3%81%AF%E3%83%95%E3%82%A1%E3%83%B3%E3%82%B7%E3%83%BC/1531418208?i=1531418216,https://music.apple.com/jp/album/%E4%B8%96%E7%95%8C%E3%81%AF%E3%83%95%E3%82%A1%E3%83%B3%E3%82%B7%E3%83%BC/1531418208?i=1531418216,
Patrick Vegee,9,弥生町ロンリープラネット,165,165,,2020/09/30,♪,https://www.youtube.com/watch?v=vzExEa0l8YM,,https://open.spotify.com/track/0KqdJuzNS6NpAKu2zdRIxo,https://music.apple.com/jp/album/%E5%BC%A5%E7%94%9F%E7%94%BA%E3%83%AD%E3%83%B3%E3%83%AA%E3%83%BC%E3%83%97%E3%83%A9%E3%83%8D%E3%83%83%E3%83%88/1531418208?i=1531418217,https://music.apple.com/jp/album/%E5%BC%A5%E7%94%9F%E7%94%BA%E3%83%AD%E3%83%B3%E3%83%AA%E3%83%BC%E3%83%97%E3%83%A9%E3%83%8D%E3%83%83%E3%83%88/1531418208?i=1531418217,
Patrick Vegee,10,春が来てぼくら,129,129,1,2020/09/30,MV,https://www.youtube.com/watch?v=vrd95QQe6Gc,https://www.youtube.com/watch?v=rEpXhN89wIM,https://open.spotify.com/track/1hbTYIALy6ZKUraynVquOk,https://music.apple.com/jp/album/%E6%98%A5%E3%81%8C%E6%9D%A5%E3%81%A6%E3%81%BC%E3%81%8F%E3%82%89/1531418208?i=1531418218,https://music.apple.com/jp/album/%E6%98%A5%E3%81%8C%E6%9D%A5%E3%81%A6%E3%81%BC%E3%81%8F%E3%82%89/1354852402?i=1354852404,
Patrick Vegee,11,Simple Simple Anecdote,166,166,,2020/09/30,♪,https://www.youtube.com/watch?v=oeANadSwZT8,,https://open.spotify.com/track/6jVEBrLJrIloifud4KSd9i,https://music.apple.com/jp/album/simple-simple-anecdote/1531418208?i=1531418219,https://music.apple.com/jp/album/simple-simple-anecdote/1531418208?i=1531418219,
Patrick Vegee,12,101回目のプロローグ,167,167,,2020/09/30,♪,https://www.youtube.com/watch?v=MMUIXYRoUzw,,https://open.spotify.com/track/58U3YcWjHB2B613KkvillC,https://music.apple.com/jp/album/101%E5%9B%9E%E7%9B%AE%E3%81%AE%E3%83%97%E3%83%AD%E3%83%AD%E3%83%BC%E3%82%B0/1531418208?i=1531418220,https://music.apple.com/jp/album/101%E5%9B%9E%E7%9B%AE%E3%81%AE%E3%83%97%E3%83%AD%E3%83%AD%E3%83%BC%E3%82%B0/1531418208?i=1531418220,
kaleido proud fiesta,1,kaleido proud fiesta,168,168,,2022/04/13,MV,https://www.youtube.com/watch?v=-7zYPOvPABo,,https://open.spotify.com/track/3Gl8jfnr5qHzVoWCWc9tV3,https://music.apple.com/jp/album/kaleido-proud-fiesta/1679773768?i=1679774507,https://music.apple.com/jp/album/kaleido-proud-fiesta/1616993125?i=1616993126,
kaleido proud fiesta,2,ナノサイズスカイウォーク,169,169,,2022/04/13,,,,,,,
カオスが極まる,1,カオスが極まる,170,170,,2022/10/19,MV,https://www.youtube.com/watch?v=ejzfqXA-bYY,https://www.youtube.com/watch?v=ixg-bJxY5gY,https://open.spotify.com/track/0lPfqcI3A8gQ9971nXxgq6,https://music.apple.com/jp/album/%E3%82%AB%E3%82%AA%E3%82%B9%E3%81%8C%E6%A5%B5%E3%81%BE%E3%82%8B/1679773768?i=1679774049,https://music.apple.com/jp/album/%E3%82%AB%E3%82%AA%E3%82%B9%E3%81%8C%E6%A5%B5%E3%81%BE%E3%82%8B/1648654053?i=1648654054,
カオスが極まる,2,放課後マリアージュ,171,171,,2022/10/19,,,,,,,
Ninth Peel,1,スペースシャトル・ララバイ,172,172,,2023/04/12,♪,https://www.youtube.com/watch?v=jHKe6ZAE1Ug,,https://open.spotify.com/track/4bdSB9Ysz0DERAcwZ8DcfT,https://music.apple.com/jp/album/%E3%82%B9%E3%83%9A%E3%83%BC%E3%82%B9%E3%82%B7%E3%83%A3%E3%83%88%E3%83%AB-%E3%83%A9%E3%83%A9%E3%83%90%E3%82%A4/1679773768?i=1679773785,https://music.apple.com/jp/album/%E3%82%B9%E3%83%9A%E3%83%BC%E3%82%B9%E3%82%B7%E3%83%A3%E3%83%88%E3%83%AB-%E3%83%A9%E3%83%A9%E3%83%90%E3%82%A4/1679773768?i=1679773785,
Ninth Peel,2,恋する惑星,173,173,,2023/04/12,MV,https://www.youtube.com/watch?v=-rsCYSZ5rS4,,https://open.spotify.com/track/5aSItqgApJoIaIZu77L9Zu,https://music.apple.com/jp/album/%E6%81%8B%E3%81%99%E3%82%8B%E6%83%91%E6%98%9F/1679773768?i=1679774039,https://music.apple.com/jp/album/%E6%81%8B%E3%81%99%E3%82%8B%E6%83%91%E6%98%9F/1679773768?i=1679774039,
Ninth Peel,3,ミレニアムハッピー・チェーンソーエッヂ,174,174,,2023/04/12,♪,https://www.youtube.com/watch?v=2ntghdgE_h8,,https://open.spotify.com/track/4QeoZcK6Qyi4RpKfkYuB5H,https://music.apple.com/jp/album/%E3%83%9F%E3%83%AC%E3%83%8B%E3%82%A2%E3%83%A0%E3%83%8F%E3%83%83%E3%83%94%E3%83%BC-%E3%83%81%E3%82%A7%E3%83%BC%E3%83%B3%E3%82%BD%E3%83%BC%E3%82%A8%E3%83%83%E3%83%82/1679773768?i=1679774041,https://music.apple.com/jp/album/%E3%83%9F%E3%83%AC%E3%83%8B%E3%82%A2%E3%83%A0%E3%83%8F%E3%83%83%E3%83%94%E3%83%BC-%E3%83%81%E3%82%A7%E3%83%BC%E3%83%B3%E3%82%BD%E3%83%BC%E3%82%A8%E3%83%83%E3%83%82/1679773768?i=1679774041,
Ninth Peel,4,カオスが極まる,170,170,1,2023/04/12,MV,https://www.youtube.com/watch?v=ejzfqXA-bYY,https://www.youtube.com/watch?v=ixg-bJxY5gY,https://open.spotify.com/track/0lPfqcI3A8gQ9971nXxgq6,https://music.apple.com/jp/album/%E3%82%AB%E3%82%AA%E3%82%B9%E3%81%8C%E6%A5%B5%E3%81%BE%E3%82%8B/1679773768?i=1679774049,https://music.apple.com/jp/album/%E3%82%AB%E3%82%AA%E3%82%B9%E3%81%8C%E6%A5%B5%E3%81%BE%E3%82%8B/1648654053?i=1648654054,
Ninth Peel,5,City peel,175,175,,2023/04/12,♪,https://www.youtube.com/watch?v=fYC_TwaMjwM,,https://open.spotify.com/track/5XdnqJxxh0M535ALwUYkBd,https://music.apple.com/jp/album/city-peel/1679773768?i=1679774054,https://music.apple.com/jp/album/city-peel/1679773768?i=1679774054,
Ninth Peel,6,Nihil Pip Viper,176,176,,2023/04/12,♪,https://www.youtube.com/watch?v=vD46C5nNvS8,,https://open.spotify.com/track/5qko3Om0sSANw6k1pe97GT,https://music.apple.com/jp/album/nihil-pip-viper-album-mix/1679773768?i=1679774362,https://music.apple.com/jp/album/nihil-pip-viper-album-mix/1679773768?i=1679774362,
Ninth Peel,7,Numbness like a ginger,177,177,,2023/04/12,MV,https://www.youtube.com/watch?v=jYqZVpM1EJU,,https://open.spotify.com/track/6WmH150zngZw8mNenyWY5o,https://music.apple.com/jp/album/numbness-like-a-ginger/1679773768?i=1679774368,https://music.apple.com/jp/album/numbness-like-a-ginger/1679773768?i=1679774368,
Ninth Peel,8,もう君に会えない,178,178,,2023/04/12,♪,https://www.youtube.com/watch?v=B7mlOmTJDIY,https://www.youtube.com/watch?v=K2CU5pwqQy8,https://open.spotify.com/track/5QXfKCYswvbgEXYY4yzpJo,https://music.apple.com/jp/album/%E3%82%82%E3%81%86%E5%90%9B%E3%81%AB%E4%BC%9A%E3%81%88%E3%81%AA%E3%81%84/1679773768?i=1679774372,https://music.apple.com/jp/album/%E3%82%82%E3%81%86%E5%90%9B%E3%81%AB%E4%BC%9A%E3%81%88%E3%81%AA%E3%81%84/1679773768?i=1679774372,
Ninth Peel,9,アンチ・トレンディ・クラブ,179,179,,2023/04/12,♪,https://www.youtube.com/watch?v=D4VmcoWEXJo,,https://open.spotify.com/track/4NhvNRtcVMChZMs66EE1eq,https://music.apple.com/jp/album/%E3%82%A2%E3%83%B3%E3%83%81-%E3%83%88%E3%83%AC%E3%83%B3%E3%83%87%E3%82%A3-%E3%82%AF%E3%83%A9%E3%83%96/1679773768?i=1679774382,https://music.apple.com/jp/album/%E3%82%A2%E3%83%B3%E3%83%81-%E3%83%88%E3%83%AC%E3%83%B3%E3%83%87%E3%82%A3-%E3%82%AF%E3%83%A9%E3%83%96/1679773768?i=1679774382,
Ninth Peel,10,kaleido proud fiesta,168,168,1,2023/04/12,MV,https://www.youtube.com/watch?v=-7zYPOvPABo,,https://open.spotify.com/track/3Gl8jfnr5qHzVoWCWc9tV3,https://music.apple.com/jp/album/kaleido-proud-fiesta/1679773768?i=1679774507,https://music.apple.com/jp/album/kaleido-proud-fiesta/1616993125?i=1616993126,
Ninth Peel,11,フレーズボトル・バイバイ,180,180,,2023/04/12,♪,https://www.youtube.com/watch?v=tNhP4KUahCc,,https://open.spotify.com/track/42x1LIKLFOzMcYWIsS5CEr,https://music.apple.com/jp/album/%E3%83%95%E3%83%AC%E3%83%BC%E3%82%BA%E3%83%9C%E3%83%88%E3%83%AB-%E3%83%90%E3%82%A4%E3%83%90%E3%82%A4/1679773768?i=1679774511,https://music.apple.com/jp/album/%E3%83%95%E3%83%AC%E3%83%BC%E3%82%BA%E3%83%9C%E3%83%88%E3%83%AB-%E3%83%90%E3%82%A4%E3%83%90%E3%82%A4/1679773768?i=1679774511,
いけないfool logic,1,いけないfool logic,181,181,,2023/09/27,MV,https://www.youtube.com/watch?v=gtyP2BzDlLs,,https://open.spotify.com/track/7bssqLtlFKC3DZXoUCzsAo,https://music.apple.com/jp/album/%E3%81%84%E3%81%91%E3%81%AA%E3%81%84fool-logic/1758029307?i=1758030098,https://music.apple.com/jp/album/%E3%81%84%E3%81%91%E3%81%AA%E3%81%84fool-logic/1707507238?i=1707507240,
いけないfool logic,2,あまりに写実的な,182,182,,2023/09/27,,,,,,,
"20th ANNIVERSARY BEST SPECIAL BOX「SUB MACHINE, BEST MACHINE」",1,星追い達の祈り,183,183,,2024/07/24,,,,,,,
"20th ANNIVERSARY BEST SPECIAL BOX「SUB MACHINE, BEST MACHINE」",2,空の在処,184,184,,2024/07/24,,,,,,,
"20th ANNIVERSARY BEST SPECIAL BOX「SUB MACHINE, BEST MACHINE」",3,レボリューションナンバーミー,185,185,,2024/07/24,,,,,,,
"20th ANNIVERSARY BEST SPECIAL BOX「SUB MACHINE, BEST MACHINE」",4,ミカエルは雲の上,186,186,,2024/07/24,,,,,,,
"20th ANNIVERSARY BEST SPECIAL BOX「SUB MACHINE, BEST MACHINE」",5,ナツノヒ,187,187,,2024/07/24,,,,,,,
"20th ANNIVERSARY BEST SPECIAL BOX「SUB MACHINE, BEST MACHINE」",6,メロウ,188,188,,2024/07/24,,,,,,,
"20th ANNIVERSARY BEST SPECIAL BOX「SUB MACHINE, BEST MACHINE」",7,カナシミトレイン,189,189,,2024/07/24,,,,,,,
"20th ANNIVERSARY BEST SPECIAL BOX「SUB MACHINE, BEST MACHINE」",8,愛はきっと,190,190,,2024/07/24,,,,,,,
"20th ANNIVERSARY BEST SPECIAL BOX「SUB MACHINE, BEST MACHINE」",9,月と天秤,191,191,,2024/07/24,,,,,,,
"20th ANNIVERSARY BEST SPECIAL BOX「SUB MACHINE, BEST MACHINE」",10,bad music disco,192,192,,2024/07/24,,,,,,,
"20th ANNIVERSARY BEST SPECIAL BOX「SUB MACHINE, BEST MACHINE」",11,ラズベリー、my dear,193,193,,2024/07/24,,,,,,,
"20th ANNIVERSARY BEST SPECIAL BOX「SUB MACHINE, BEST MACHINE」",12,アナザーワールドエンド,194,194,,2024/07/24,♪,https://www.youtube.com/watch?v=kaew4bcxdtU,,https://open.spotify.com/track/3XkGAnx7i8OcFTIEcmVOUP,https://music.apple.com/jp/album/%E3%82%A2%E3%83%8A%E3%82%B6%E3%83%BC%E3%83%AF%E3%83%BC%E3%83%AB%E3%83%89%E3%82%A8%E3%83%B3%E3%83%89/1758029307?i=1758029313,https://music.apple.com/jp/album/%E3%82%A2%E3%83%8A%E3%82%B6%E3%83%BC%E3%83%AF%E3%83%BC%E3%83%AB%E3%83%89%E3%82%A8%E3%83%B3%E3%83%89/1758029307?i=1758029313,
"20th ANNIVERSARY BEST SPECIAL BOX「SUB MACHINE, BEST MACHINE」",13,センチメンタルピリオド (S.B style),195,1,,2024/07/24,MV,https://www.youtube.com/watch?v=m5yzVQWU6wg,,https://open.spotify.com/track/3XMVfayU5fdOonT3VCJ5uq,,https://music.apple.com/jp/album/%E3%82%BB%E3%83%B3%E3%83%81%E3%83%A1%E3%83%B3%E3%82%BF%E3%83%AB%E3%83%94%E3%83%AA%E3%82%AA%E3%83%89-s-b-style/1758029307?i=1758029320,
"20th ANNIVERSARY BEST SPECIAL BOX「SUB MACHINE, BEST MACHINE」",14,マスターボリューム (S.B style),196,4,,2024/07/24,♪,https://www.youtube.com/watch?v=-Hq-n3Rf9fE,,https://open.spotify.com/track/0UYflwgkLU7voQxgksOwPC,,https://music.apple.com/jp/album/%E3%83%9E%E3%82%B9%E3%82%BF%E3%83%BC%E3%83%9C%E3%83%AA%E3%83%A5%E3%83%BC%E3%83%A0-s-b-style/1758029307?i=1758029323,
"20th ANNIVERSARY BEST SPECIAL BOX「SUB MACHINE, BEST MACHINE」",15,MR. アンディ (S.B style),197,138,,2024/07/24,♪,https://www.youtube.com/watch?v=4EZb03NiJgs,,https://open.spotify.com/track/5x3Y7IScRTij6kgWmJOCUV,,https://music.apple.com/jp/album/mr-%E3%82%A2%E3%83%B3%E3%83%87%E3%82%A3-s-b-style/1758029307?i=1758029612,party style
"20th ANNIVERSARY BEST SPECIAL BOX「SUB MACHINE, BEST MACHINE」",16,cody beats (S.B style),198,16,,2024/07/24,♪,https://www.youtube.com/watch?v=75h2eLe5or0,,https://open.spotify.com/track/1CWJqdXIS7tAasX0DNhF12,,https://music.apple.com/jp/album/cody-beats-s-b-style/1758029307?i=1758029617,
"20th ANNIVERSARY BEST SPECIAL BOX「SUB MACHINE, BEST MACHINE」",17,スカースデイル (S.B style),199,30,,2024/07/24,♪,https://www.youtube.com/watch?v=dPt45WmUlO8,,https://open.spotify.com/track/1WDV68IWZ8ZU0B5knIxBR2,,https://music.apple.com/jp/album/%E3%82%B9%E3%82%AB%E3%83%BC%E3%82%B9%E3%83%87%E3%82%A4%E3%83%AB-s-b-style/1758029307?i=1758029619,
"20th ANNIVERSARY BEST SPECIAL BOX「SUB MACHINE, BEST MACHINE」",18,オリオンをなぞる (S.B style),200,33,,2024/07/24,♪,https://www.youtube.com/watch?v=V99ydSIIEVc,,https://open.spotify.com/track/3vteFL2S37THxzPyKB6fOI,,https://music.apple.com/jp/album/%E3%82%AA%E3%83%AA%E3%82%AA%E3%83%B3%E3%82%92%E3%81%AA%E3%81%9E%E3%82%8B-s-b-style/1758029307?i=1758029624,
"20th ANNIVERSARY BEST SPECIAL BOX「SUB MACHINE, BEST MACHINE」",19,流星のスコール (S.B mix),201,47,,2024/07/24,♪,https://www.youtube.com/watch?v=QBmSHrIaGpY,,https://open.spotify.com/track/4dssz7UzzrhydlshdsTrB9,,https://music.apple.com/jp/album/%E6%B5%81%E6%98%9F%E3%81%AE%E3%82%B9%E3%82%B3%E3%83%BC%E3%83%AB-s-b-mix/1758029307?i=1758029693,S.B mix
"20th ANNIVERSARY BEST SPECIAL BOX「SUB MACHINE, BEST MACHINE」",20,リニアブルーを聴きながら,51,51,1,2024/07/24,MV,https://www.youtube.com/watch?v=vAOBQtKyqW8,,https://open.spotify.com/track/3pK2AiyPVlUMhEsMef1z3G,https://music.apple.com/jp/album/%E3%83%AA%E3%83%8B%E3%82%A2%E3%83%96%E3%83%AB%E3%83%BC%E3%82%92%E8%81%B4%E3%81%8D%E3%81%AA%E3%81%8C%E3%82%89/595575657?i=595575666,https://music.apple.com/jp/album/%E3%83%AA%E3%83%8B%E3%82%A2%E3%83%96%E3%83%AB%E3%83%BC%E3%82%92%E8%81%B4%E3%81%8D%E3%81%AA%E3%81%8C%E3%82%89/560462902?i=560462903,
"20th ANNIVERSARY BEST SPECIAL BOX「SUB MACHINE, BEST MACHINE」",21,桜のあと (all quartets lead to the?),66,66,1,2024/07/24,MV,https://www.youtube.com/watch?v=nNf_zW-tTrg,https://www.youtube.com/watch?v=9zluQwPBMWM,https://open.spotify.com/track/11Dh1gTFD9QcmmzwNusHTk,https://music.apple.com/jp/album/%E6%A1%9C%E3%81%AE%E3%81%82%E3%81%A8-all-quartets-lead-to-the/899382318?i=899382322,https://music.apple.com/jp/album/%E6%A1%9C%E3%81%AE%E3%81%82%E3%81%A8-all-quartets-lead-to-the-originally-performed-by/756450780?i=756450835,
"20th ANNIVERSARY BEST SPECIAL BOX「SUB MACHINE, BEST MACHINE」",22,harmonized finale,69,69,1,2024/07/24,MV,https://www.youtube.com/watch?v=h8lAl9kejYU,,https://open.spotify.com/track/2L7CbheAwtkzVdmlS3PIfQ,https://music.apple.com/jp/album/harmonized-finale/899382318?i=899382328,https://music.apple.com/jp/album/harmonized-finale/805984247?i=805984250,
"20th ANNIVERSARY BEST SPECIAL BOX「SUB MACHINE, BEST MACHINE」",23,シュガーソングとビターステップ,83,83,1,2024/07/24,MV,https://www.youtube.com/watch?v=JpCyeo_kNA0,,https://open.spotify.com/track/6bfjEGSR7DyC8MK8cp3ZCp,https://music.apple.com/jp/album/%E3%82%B7%E3%83%A5%E3%82%AC%E3%83%BC%E3%82%BD%E3%83%B3%E3%82%B0%E3%81%A8%E3%83%93%E3%82%BF%E3%83%BC%E3%82%B9%E3%83%86%E3%83%83%E3%83%97/1128654606?i=1128654728,https://music.apple.com/jp/album/%E3%82%B7%E3%83%A5%E3%82%AC%E3%83%BC%E3%82%BD%E3%83%B3%E3%82%B0%E3%81%A8%E3%83%93%E3%82%BF%E3%83%BC%E3%82%B9%E3%83%86%E3%83%83%E3%83%97/993140033?i=993140034,
"20th ANNIVERSARY BEST SPECIAL BOX「SUB MACHINE, BEST MACHINE」",24,Silent Libre Mirage,124,124,1,2024/07/24,♪,https://www.youtube.com/watch?v=s-3LjElKl_M,https://www.youtube.com/watch?v=nPKl93s2o1M,https://open.spotify.com/track/7iRhjeX954hj3wSyfCV6Og,https://music.apple.com/jp/album/silent-libre-mirage/1198102015?i=1198102017,https://music.apple.com/jp/album/silent-libre-mirage/1198102015?i=1198102017,
"20th ANNIVERSARY BEST SPECIAL BOX「SUB MACHINE, BEST MACHINE」",25,"10% roll, 10% romance",111,111,1,2024/07/24,MV,https://www.youtube.com/watch?v=4yQN8Dt0nWQ,https://www.youtube.com/watch?v=K2CU5pwqQy8,https://open.spotify.com/track/28qFJh4a5a8sh96JkIFY8q,https://music.apple.com/jp/album/10-roll-10-romance/1339044581?i=1339044729,https://music.apple.com/jp/album/10-roll-10-romance-%E3%82%A2%E3%83%8B%E3%83%A1-%E3%83%9C%E3%83%BC%E3%83%AB%E3%83%AB%E3%83%BC%E3%83%A0%E3%81%B8%E3%82%88%E3%81%86%E3%81%93%E3%81%9D-%E3%82%88%E3%82%8A-originally-performed/1281389670?i=1281389673,
"20th ANNIVERSARY BEST SPECIAL BOX「SUB MACHINE, BEST MACHINE」",26,Invisible Sensation,114,114,1,2024/07/24,MV,https://www.youtube.com/watch?v=zQi4988_7Qo,,https://open.spotify.com/track/2bQ4E3XRBLBnJMd8iSm59b,https://music.apple.com/jp/album/invisible-sensation/1339044581?i=1339044727,https://music.apple.com/jp/album/invisible-sensation/1304973334?i=1304973654,
"20th ANNIVERSARY BEST SPECIAL BOX「SUB MACHINE, BEST MACHINE」",27,fake town baby,117,117,1,2024/07/24,MV,https://www.youtube.com/watch?v=9AGMvhn__XU,,https://open.spotify.com/track/69U2Iv4hyQi3cGCEJ8LM0H,https://music.apple.com/jp/album/fake-town-baby/1339044581?i=1339044722,https://music.apple.com/jp/album/fake-town-baby/1304978420?i=1304978423,
"20th ANNIVERSARY BEST SPECIAL BOX「SUB MACHINE, BEST MACHINE」",28,春が来てぼくら,129,129,1,2024/07/24,MV,https://www.youtube.com/watch?v=vrd95QQe6Gc,https://www.youtube.com/watch?v=rEpXhN89wIM,https://open.spotify.com/track/1hbTYIALy6ZKUraynVquOk,https://music.apple.com/jp/album/%E6%98%A5%E3%81%8C%E6%9D%A5%E3%81%A6%E3%81%BC%E3%81%8F%E3%82%89/1531418208?i=1531418218,https://music.apple.com/jp/album/%E6%98%A5%E3%81%8C%E6%9D%A5%E3%81%A6%E3%81%BC%E3%81%8F%E3%82%89/1354852402?i=1354852404,
"20th ANNIVERSARY BEST SPECIAL BOX「SUB MACHINE, BEST MACHINE」",29,"Catch up, latency",132,132,1,2024/07/24,MV,https://www.youtube.com/watch?v=an6sDPGRCyg,,https://open.spotify.com/track/1OS3kgxIBgYqkCfUCkfakM,https://music.apple.com/jp/album/catch-up-latency/1531418208?i=1531418212,https://music.apple.com/jp/album/catch-up-latency/1440580724?i=1440580725,
"20th ANNIVERSARY BEST SPECIAL BOX「SUB MACHINE, BEST MACHINE」",30,Phantom Joke,156,156,1,2024/07/24,MV,https://www.youtube.com/watch?v=3KGjAw0fGX0,,https://open.spotify.com/track/7tmRSzIL7JNYnIXCLTY1zF,https://music.apple.com/jp/album/phantom-joke/1531418208?i=1531418215,https://music.apple.com/jp/album/phantom-joke/1480479449?i=1480479450,
"20th ANNIVERSARY BEST SPECIAL BOX「SUB MACHINE, BEST MACHINE」",31,Nihil Pip Viper,176,176,1,2024/07/24,♪,https://www.youtube.com/watch?v=vD46C5nNvS8,,https://open.spotify.com/track/5qko3Om0sSANw6k1pe97GT,https://music.apple.com/jp/album/nihil-pip-viper-album-mix/1679773768?i=1679774362,https://music.apple.com/jp/album/nihil-pip-viper-album-mix/1679773768?i=1679774362,
"20th ANNIVERSARY BEST SPECIAL BOX「SUB MACHINE, BEST MACHINE」",32,kaleido proud fiesta,168,168,1,2024/07/24,MV,https://www.youtube.com/watch?v=-7zYPOvPABo,,https://open.spotify.com/track/3Gl8jfnr5qHzVoWCWc9tV3,https://music.apple.com/jp/album/kaleido-proud-fiesta/1679773768?i=1679774507,https://music.apple.com/jp/album/kaleido-proud-fiesta/1616993125?i=1616993126,
"20th ANNIVERSARY BEST SPECIAL BOX「SUB MACHINE, BEST MACHINE」",33,カオスが極まる,170,170,1,2024/07/24,MV,https://www.youtube.com/watch?v=ejzfqXA-bYY,https://www.youtube.com/watch?v=ixg-bJxY5gY,https://open.spotify.com/track/0lPfqcI3A8gQ9971nXxgq6,https://music.apple.com/jp/album/%E3%82%AB%E3%82%AA%E3%82%B9%E3%81%8C%E6%A5%B5%E3%81%BE%E3%82%8B/1679773768?i=1679774049,https://music.apple.com/jp/album/%E3%82%AB%E3%82%AA%E3%82%B9%E3%81%8C%E6%A5%B5%E3%81%BE%E3%82%8B/1648654053?i=1648654054,
"20th ANNIVERSARY BEST SPECIAL BOX「SUB MACHINE, BEST MACHINE」",34,いけないfool logic,181,181,1,2024/07/24,MV,https://www.youtube.com/watch?v=gtyP2BzDlLs,,https://open.spotify.com/track/7bssqLtlFKC3DZXoUCzsAo,https://music.apple.com/jp/album/%E3%81%84%E3%81%91%E3%81%AA%E3%81%84fool-logic/1758029307?i=1758030098,https://music.apple.com/jp/album/%E3%81%84%E3%81%91%E3%81%AA%E3%81%84fool-logic/1707507238?i=1707507240,
傍若のカリスマ,1,傍若のカリスマ,202,202,,2024/10/02,MV,https://www.youtube.com/watch?v=cxK_rMG2uhw,,https://open.spotify.com/track/6ubI9ALQi6TQYZm7tVPDAi,,https://music.apple.com/jp/album/%E5%82%8D%E8%8B%A5%E3%81%AE%E3%82%AB%E3%83%AA%E3%82%B9%E3%83%9E/1769179790?i=1769179797,
傍若のカリスマ,2,憂鬱はプリンセス,203,203,,2024/10/02,,,,,,,